id_proposta,pd,score_1a10,decisao,taxa_am,prazo_meses,pct_entrada_minima
P000001,0.1226686644,4,NEGAR,,,
P000002,0.0549657706,7,APROVAR,0.0250000000,60,0.1500000000
P000003,0.0150627142,10,APROVAR,0.0225000000,60,0.1000000000
P000004,0.0774898471,5,NEGAR,,,
P000005,0.4733698941,1,NEGAR,,,
P000006,0.0770770191,5,NEGAR,,,
P000007,0.0254547776,9,APROVAR,0.0230000000,60,0.1000000000
P000008,0.0510951990,7,APROVAR,0.0250000000,60,0.1500000000
P000009,0.0582284987,7,APROVAR,0.0250000000,60,0.1500000000
P000010,0.0392973068,8,APROVAR,0.0240000000,60,0.1500000000
P000011,0.4055227120,1,NEGAR,,,
P000012,0.2173859322,3,NEGAR,,,
P000013,0.0438293480,8,APROVAR,0.0240000000,60,0.1500000000
P000014,0.1605061650,3,NEGAR,,,
P000015,0.0267769347,9,APROVAR,0.0230000000,60,0.1000000000
P000016,0.0449013307,8,APROVAR,0.0240000000,60,0.1500000000
P000017,0.1789918641,3,NEGAR,,,
P000018,0.0454351112,8,APROVAR,0.0240000000,60,0.1500000000
P000019,0.0890911240,5,NEGAR,,,
P000020,0.4269346763,1,NEGAR,,,
P000021,0.0289993756,9,APROVAR,0.0230000000,60,0.1000000000
P000022,0.0448902781,8,APROVAR,0.0240000000,60,0.1500000000
P000023,0.0402374018,8,APROVAR,0.0240000000,60,0.1500000000
P000024,0.3414670422,2,NEGAR,,,
P000025,0.5187723008,1,NEGAR,,,
P000026,0.3539771974,1,NEGAR,,,
P000027,0.2149861507,3,NEGAR,,,
P000028,0.3341606628,2,NEGAR,,,
P000029,0.0282881608,9,APROVAR,0.0230000000,60,0.1000000000
P000030,0.0662217991,6,APROVAR,0.0260000000,48,0.2000000000
P000031,0.0380514579,8,APROVAR,0.0240000000,60,0.1500000000
P000032,0.2043743820,3,NEGAR,,,
P000033,0.2249961841,2,NEGAR,,,
P000034,0.0452633056,8,APROVAR,0.0240000000,60,0.1500000000
P000035,0.0242747893,9,APROVAR,0.0230000000,60,0.1000000000
P000036,0.0425694116,8,APROVAR,0.0240000000,60,0.1500000000
P000037,0.1041516390,4,NEGAR,,,
P000038,0.0386706345,8,APROVAR,0.0240000000,60,0.1500000000
P000039,0.0433513879,8,APROVAR,0.0240000000,60,0.1500000000
P000040,0.0869219364,5,NEGAR,,,
P000041,0.2208374748,2,NEGAR,,,
P000042,0.4325027035,1,NEGAR,,,
P000043,0.3097024113,2,NEGAR,,,
P000044,0.0412111256,8,APROVAR,0.0240000000,60,0.1500000000
P000045,0.0887788078,5,NEGAR,,,
P000046,0.2692753846,2,NEGAR,,,
P000047,0.0650648332,6,APROVAR,0.0260000000,48,0.2000000000
P000048,0.1366899523,4,NEGAR,,,
P000049,0.1923403588,3,NEGAR,,,
P000050,0.0514811214,7,APROVAR,0.0250000000,60,0.1500000000
P000051,0.2925042975,2,NEGAR,,,
P000052,0.0563847046,7,APROVAR,0.0250000000,60,0.1500000000
P000053,0.2263494291,2,NEGAR,,,
P000054,0.1975813104,3,NEGAR,,,
P000055,0.0745584299,6,APROVAR,0.0260000000,48,0.2000000000
P000056,0.1981450645,3,NEGAR,,,
P000057,0.2663125198,2,NEGAR,,,
P000058,0.3876901751,1,NEGAR,,,
P000059,0.1932988794,3,NEGAR,,,
P000060,0.0247845958,9,APROVAR,0.0230000000,60,0.1000000000
P000061,0.1363545100,4,NEGAR,,,
P000062,0.1736979937,3,NEGAR,,,
P000063,0.3894956288,1,NEGAR,,,
P000064,0.1271172090,4,NEGAR,,,
P000065,0.0452470848,8,APROVAR,0.0240000000,60,0.1500000000
P000066,0.1601923789,3,NEGAR,,,
P000067,0.2787366881,2,NEGAR,,,
P000068,0.1721855042,3,NEGAR,,,
P000069,0.0565556433,7,APROVAR,0.0250000000,60,0.1500000000
P000070,0.1407972890,4,NEGAR,,,
P000071,0.2246807983,2,NEGAR,,,
P000072,0.0254447867,9,APROVAR,0.0230000000,60,0.1000000000
P000073,0.4172375508,1,NEGAR,,,
P000074,0.1531056566,3,NEGAR,,,
P000075,0.0549333102,7,APROVAR,0.0250000000,60,0.1500000000
P000076,0.0762857937,5,NEGAR,,,
P000077,0.1135511540,4,NEGAR,,,
P000078,0.3067493885,2,NEGAR,,,
P000079,0.0566991950,7,APROVAR,0.0250000000,60,0.1500000000
P000080,0.1583176313,3,NEGAR,,,
P000081,0.0343768611,9,APROVAR,0.0230000000,60,0.1000000000
P000082,0.2855094670,2,NEGAR,,,
P000083,0.3080655908,2,NEGAR,,,
P000084,0.3019237594,2,NEGAR,,,
P000085,0.0292543530,9,APROVAR,0.0230000000,60,0.1000000000
P000086,0.3425333032,2,NEGAR,,,
P000087,0.1452892920,4,NEGAR,,,
P000088,0.1545236724,3,NEGAR,,,
P000089,0.0561115244,7,APROVAR,0.0250000000,60,0.1500000000
P000090,0.0312749499,9,APROVAR,0.0230000000,60,0.1000000000
P000091,0.1392198563,4,NEGAR,,,
P000092,0.0403520256,8,APROVAR,0.0240000000,60,0.1500000000
P000093,0.2252084863,2,NEGAR,,,
P000094,0.2286956873,2,NEGAR,,,
P000095,0.2466746918,2,NEGAR,,,
P000096,0.2443892505,2,NEGAR,,,
P000097,0.0695058790,6,APROVAR,0.0260000000,48,0.2000000000
P000098,0.1227854112,4,NEGAR,,,
P000099,0.0824311875,5,NEGAR,,,
P000100,0.1658913065,3,NEGAR,,,
P000101,0.2503952897,2,NEGAR,,,
P000102,0.0429094792,8,APROVAR,0.0240000000,60,0.1500000000
P000103,0.1195402067,4,NEGAR,,,
P000104,0.0899190966,5,NEGAR,,,
P000105,0.0282213230,9,APROVAR,0.0230000000,60,0.1000000000
P000106,0.1981045275,3,NEGAR,,,
P000107,0.0366654820,8,APROVAR,0.0240000000,60,0.1500000000
P000108,0.0253172325,9,APROVAR,0.0230000000,60,0.1000000000
P000109,0.0897329348,5,NEGAR,,,
P000110,0.1269528928,4,NEGAR,,,
P000111,0.2366855139,2,NEGAR,,,
P000112,0.1701321930,3,NEGAR,,,
P000113,0.0386892872,8,APROVAR,0.0240000000,60,0.1500000000
P000114,0.3066576566,2,NEGAR,,,
P000115,0.2199108259,3,NEGAR,,,
P000116,0.0474792718,8,APROVAR,0.0240000000,60,0.1500000000
P000117,0.2703660873,2,NEGAR,,,
P000118,0.0295792907,9,APROVAR,0.0230000000,60,0.1000000000
P000119,0.0747626451,6,APROVAR,0.0260000000,48,0.2000000000
P000120,0.3013712084,2,NEGAR,,,
P000121,0.1933264548,3,NEGAR,,,
P000122,0.2037338133,3,NEGAR,,,
P000123,0.0939568057,5,NEGAR,,,
P000124,0.1910620446,3,NEGAR,,,
P000125,0.0435747160,8,APROVAR,0.0240000000,60,0.1500000000
P000126,0.0675494095,6,APROVAR,0.0260000000,48,0.2000000000
P000127,0.0690364822,6,APROVAR,0.0260000000,48,0.2000000000
P000128,0.1624104307,3,NEGAR,,,
P000129,0.6059420085,1,NEGAR,,,
P000130,0.0294457030,9,APROVAR,0.0230000000,60,0.1000000000
P000131,0.1514202764,3,NEGAR,,,
P000132,0.0376270211,8,APROVAR,0.0240000000,60,0.1500000000
P000133,0.2464690617,2,NEGAR,,,
P000134,0.2125240745,3,NEGAR,,,
P000135,0.0403009858,8,APROVAR,0.0240000000,60,0.1500000000
P000136,0.2324720369,2,NEGAR,,,
P000137,0.1961809932,3,NEGAR,,,
P000138,0.4253514788,1,NEGAR,,,
P000139,0.1320803705,4,NEGAR,,,
P000140,0.1726039138,3,NEGAR,,,
P000141,0.1859545028,3,NEGAR,,,
P000142,0.1241779805,4,NEGAR,,,
P000143,0.0708713435,6,APROVAR,0.0260000000,48,0.2000000000
P000144,0.3583148815,1,NEGAR,,,
P000145,0.0624964751,6,APROVAR,0.0260000000,48,0.2000000000
P000146,0.1745555599,3,NEGAR,,,
P000147,0.0579699485,7,APROVAR,0.0250000000,60,0.1500000000
P000148,0.4980661563,1,NEGAR,,,
P000149,0.1402263146,4,NEGAR,,,
P000150,0.0249389630,9,APROVAR,0.0230000000,60,0.1000000000
P000151,0.0642912126,6,APROVAR,0.0260000000,48,0.2000000000
P000152,0.0373068932,8,APROVAR,0.0240000000,60,0.1500000000
P000153,0.1067960175,4,NEGAR,,,
P000154,0.2222098300,2,NEGAR,,,
P000155,0.2536895499,2,NEGAR,,,
P000156,0.0667593720,6,APROVAR,0.0260000000,48,0.2000000000
P000157,0.0570066527,7,APROVAR,0.0250000000,60,0.1500000000
P000158,0.0275998748,9,APROVAR,0.0230000000,60,0.1000000000
P000159,0.2359243005,2,NEGAR,,,
P000160,0.0316071772,9,APROVAR,0.0230000000,60,0.1000000000
P000161,0.0525605111,7,APROVAR,0.0250000000,60,0.1500000000
P000162,0.0237341084,9,APROVAR,0.0230000000,60,0.1000000000
P000163,0.0343716205,9,APROVAR,0.0230000000,60,0.1000000000
P000164,0.3093406675,2,NEGAR,,,
P000165,0.0407958344,8,APROVAR,0.0240000000,60,0.1500000000
P000166,0.0302687109,9,APROVAR,0.0230000000,60,0.1000000000
P000167,0.0654774736,6,APROVAR,0.0260000000,48,0.2000000000
P000168,0.0399501366,8,APROVAR,0.0240000000,60,0.1500000000
P000169,0.1671420610,3,NEGAR,,,
P000170,0.0245881036,9,APROVAR,0.0230000000,60,0.1000000000
P000171,0.0195207140,10,APROVAR,0.0225000000,60,0.1000000000
P000172,0.1547054839,3,NEGAR,,,
P000173,0.3158938055,2,NEGAR,,,
P000174,0.0247082169,9,APROVAR,0.0230000000,60,0.1000000000
P000175,0.0380416230,8,APROVAR,0.0240000000,60,0.1500000000
P000176,0.0339005152,9,APROVAR,0.0230000000,60,0.1000000000
P000177,0.0490793143,8,APROVAR,0.0240000000,60,0.1500000000
P000178,0.3576606189,1,NEGAR,,,
P000179,0.0870041899,5,NEGAR,,,
P000180,0.0725007116,6,APROVAR,0.0260000000,48,0.2000000000
P000181,0.1385509014,4,NEGAR,,,
P000182,0.0305195760,9,APROVAR,0.0230000000,60,0.1000000000
P000183,0.2980230639,2,NEGAR,,,
P000184,0.0893952029,5,NEGAR,,,
P000185,0.3650457098,1,NEGAR,,,
P000186,0.3588237773,1,NEGAR,,,
P000187,0.0451776223,8,APROVAR,0.0240000000,60,0.1500000000
P000188,0.1447533031,4,NEGAR,,,
P000189,0.0370460958,8,APROVAR,0.0240000000,60,0.1500000000
P000190,0.0573270808,7,APROVAR,0.0250000000,60,0.1500000000
P000191,0.2234489315,2,NEGAR,,,
P000192,0.0621158356,6,APROVAR,0.0260000000,48,0.2000000000
P000193,0.0935531855,5,NEGAR,,,
P000194,0.0269287558,9,APROVAR,0.0230000000,60,0.1000000000
P000195,0.2327689932,2,NEGAR,,,
P000196,0.0638156253,6,APROVAR,0.0260000000,48,0.2000000000
P000197,0.1379503124,4,NEGAR,,,
P000198,0.1229398198,4,NEGAR,,,
P000199,0.0337887759,9,APROVAR,0.0230000000,60,0.1000000000
P000200,0.0649700303,6,APROVAR,0.0260000000,48,0.2000000000
P000201,0.0480885418,8,APROVAR,0.0240000000,60,0.1500000000
P000202,0.2174397025,3,NEGAR,,,
P000203,0.1828251810,3,NEGAR,,,
P000204,0.3075540420,2,NEGAR,,,
P000205,0.2513079680,2,NEGAR,,,
P000206,0.1875533160,3,NEGAR,,,
P000207,0.0547175432,7,APROVAR,0.0250000000,60,0.1500000000
P000208,0.3279445824,2,NEGAR,,,
P000209,0.0932215165,5,NEGAR,,,
P000210,0.0983931979,5,NEGAR,,,
P000211,0.2383527174,2,NEGAR,,,
P000212,0.0554184545,7,APROVAR,0.0250000000,60,0.1500000000
P000213,0.4121486952,1,NEGAR,,,
P000214,0.1177628009,4,NEGAR,,,
P000215,0.0700834023,6,APROVAR,0.0260000000,48,0.2000000000
P000216,0.0368187987,8,APROVAR,0.0240000000,60,0.1500000000
P000217,0.0903701217,5,NEGAR,,,
P000218,0.3446009820,2,NEGAR,,,
P000219,0.1973763129,3,NEGAR,,,
P000220,0.2295474838,2,NEGAR,,,
P000221,0.2410760882,2,NEGAR,,,
P000222,0.0721916377,6,APROVAR,0.0260000000,48,0.2000000000
P000223,0.1971345039,3,NEGAR,,,
P000224,0.2238888966,2,NEGAR,,,
P000225,0.1694815369,3,NEGAR,,,
P000226,0.1576093009,3,NEGAR,,,
P000227,0.2304430704,2,NEGAR,,,
P000228,0.0612505746,6,APROVAR,0.0260000000,48,0.2000000000
P000229,0.0345186055,9,APROVAR,0.0230000000,60,0.1000000000
P000230,0.0330999158,9,APROVAR,0.0230000000,60,0.1000000000
P000231,0.0279267153,9,APROVAR,0.0230000000,60,0.1000000000
P000232,0.3550466021,1,NEGAR,,,
P000233,0.0427658379,8,APROVAR,0.0240000000,60,0.1500000000
P000234,0.0226126948,9,APROVAR,0.0230000000,60,0.1000000000
P000235,0.1955499309,3,NEGAR,,,
P000236,0.4209901139,1,NEGAR,,,
P000237,0.3901779422,1,NEGAR,,,
P000238,0.2517250616,2,NEGAR,,,
P000239,0.2825777929,2,NEGAR,,,
P000240,0.0681042780,6,APROVAR,0.0260000000,48,0.2000000000
P000241,0.0462451963,8,APROVAR,0.0240000000,60,0.1500000000
P000242,0.1679805032,3,NEGAR,,,
P000243,0.0898073971,5,NEGAR,,,
P000244,0.0527203945,7,APROVAR,0.0250000000,60,0.1500000000
P000245,0.1565224613,3,NEGAR,,,
P000246,0.0430123100,8,APROVAR,0.0240000000,60,0.1500000000
P000247,0.0369004565,8,APROVAR,0.0240000000,60,0.1500000000
P000248,0.0321846437,9,APROVAR,0.0230000000,60,0.1000000000
P000249,0.0527475520,7,APROVAR,0.0250000000,60,0.1500000000
P000250,0.3167653688,2,NEGAR,,,
P000251,0.1433821226,4,NEGAR,,,
P000252,0.0520394333,7,APROVAR,0.0250000000,60,0.1500000000
P000253,0.0392686172,8,APROVAR,0.0240000000,60,0.1500000000
P000254,0.0879778869,5,NEGAR,,,
P000255,0.1083767357,4,NEGAR,,,
P000256,0.2736084420,2,NEGAR,,,
P000257,0.0497862466,8,APROVAR,0.0240000000,60,0.1500000000
P000258,0.0428977180,8,APROVAR,0.0240000000,60,0.1500000000
P000259,0.2161486413,3,NEGAR,,,
P000260,0.1170832857,4,NEGAR,,,
P000261,0.1451154872,4,NEGAR,,,
P000262,0.0822332355,5,NEGAR,,,
P000263,0.2474178149,2,NEGAR,,,
P000264,0.0521223601,7,APROVAR,0.0250000000,60,0.1500000000
P000265,0.1506420840,3,NEGAR,,,
P000266,0.0391799930,8,APROVAR,0.0240000000,60,0.1500000000
P000267,0.0489971632,8,APROVAR,0.0240000000,60,0.1500000000
P000268,0.0309321985,9,APROVAR,0.0230000000,60,0.1000000000
P000269,0.1049369640,4,NEGAR,,,
P000270,0.0510077727,7,APROVAR,0.0250000000,60,0.1500000000
P000271,0.0218992024,9,APROVAR,0.0230000000,60,0.1000000000
P000272,0.2749767131,2,NEGAR,,,
P000273,0.0641123594,6,APROVAR,0.0260000000,48,0.2000000000
P000274,0.3688300047,1,NEGAR,,,
P000275,0.1641831217,3,NEGAR,,,
P000276,0.0488227509,8,APROVAR,0.0240000000,60,0.1500000000
P000277,0.0288403663,9,APROVAR,0.0230000000,60,0.1000000000
P000278,0.0921253015,5,NEGAR,,,
P000279,0.0488322889,8,APROVAR,0.0240000000,60,0.1500000000
P000280,0.3061670189,2,NEGAR,,,
P000281,0.2925449190,2,NEGAR,,,
P000282,0.3280125075,2,NEGAR,,,
P000283,0.0411738093,8,APROVAR,0.0240000000,60,0.1500000000
P000284,0.0520847650,7,APROVAR,0.0250000000,60,0.1500000000
P000285,0.1435730720,4,NEGAR,,,
P000286,0.0510023145,7,APROVAR,0.0250000000,60,0.1500000000
P000287,0.3480758544,2,NEGAR,,,
P000288,0.3160778074,2,NEGAR,,,
P000289,0.0385947117,8,APROVAR,0.0240000000,60,0.1500000000
P000290,0.0240835273,9,APROVAR,0.0230000000,60,0.1000000000
P000291,0.2387279775,2,NEGAR,,,
P000292,0.0504222010,7,APROVAR,0.0250000000,60,0.1500000000
P000293,0.0656396079,6,APROVAR,0.0260000000,48,0.2000000000
P000294,0.0623135847,6,APROVAR,0.0260000000,48,0.2000000000
P000295,0.0263160856,9,APROVAR,0.0230000000,60,0.1000000000
P000296,0.0830561782,5,NEGAR,,,
P000297,0.1861479573,3,NEGAR,,,
P000298,0.2398660495,2,NEGAR,,,
P000299,0.1905338623,3,NEGAR,,,
P000300,0.2963498322,2,NEGAR,,,
P000301,0.0412899996,8,APROVAR,0.0240000000,60,0.1500000000
P000302,0.0612918130,6,APROVAR,0.0260000000,48,0.2000000000
P000303,0.2414576216,2,NEGAR,,,
P000304,0.0345740484,9,APROVAR,0.0230000000,60,0.1000000000
P000305,0.1876251411,3,NEGAR,,,
P000306,0.0297133564,9,APROVAR,0.0230000000,60,0.1000000000
P000307,0.0572415795,7,APROVAR,0.0250000000,60,0.1500000000
P000308,0.0627560499,6,APROVAR,0.0260000000,48,0.2000000000
P000309,0.1504264097,3,NEGAR,,,
P000310,0.0432505580,8,APROVAR,0.0240000000,60,0.1500000000
P000311,0.0937702887,5,NEGAR,,,
P000312,0.0391008412,8,APROVAR,0.0240000000,60,0.1500000000
P000313,0.0572035406,7,APROVAR,0.0250000000,60,0.1500000000
P000314,0.3382086584,2,NEGAR,,,
P000315,0.0733662615,6,APROVAR,0.0260000000,48,0.2000000000
P000316,0.3911964036,1,NEGAR,,,
P000317,0.0784014004,5,NEGAR,,,
P000318,0.0784022951,5,NEGAR,,,
P000319,0.0585947304,7,APROVAR,0.0250000000,60,0.1500000000
P000320,0.0721736862,6,APROVAR,0.0260000000,48,0.2000000000
P000321,0.2318544417,2,NEGAR,,,
P000322,0.3021877211,2,NEGAR,,,
P000323,0.1885150743,3,NEGAR,,,
P000324,0.0303028635,9,APROVAR,0.0230000000,60,0.1000000000
P000325,0.2770346109,2,NEGAR,,,
P000326,0.0515750897,7,APROVAR,0.0250000000,60,0.1500000000
P000327,0.2819444434,2,NEGAR,,,
P000328,0.2966025096,2,NEGAR,,,
P000329,0.2480972710,2,NEGAR,,,
P000330,0.1208971204,4,NEGAR,,,
P000331,0.3445656067,2,NEGAR,,,
P000332,0.0765411961,5,NEGAR,,,
P000333,0.0713206837,6,APROVAR,0.0260000000,48,0.2000000000
P000334,0.0363797910,8,APROVAR,0.0240000000,60,0.1500000000
P000335,0.3349806206,2,NEGAR,,,
P000336,0.2007433713,3,NEGAR,,,
P000337,0.0723219522,6,APROVAR,0.0260000000,48,0.2000000000
P000338,0.0386417981,8,APROVAR,0.0240000000,60,0.1500000000
P000339,0.0350996991,8,APROVAR,0.0240000000,60,0.1500000000
P000340,0.0752489775,5,NEGAR,,,
P000341,0.1451793328,4,NEGAR,,,
P000342,0.1148592051,4,NEGAR,,,
P000343,0.0538215721,7,APROVAR,0.0250000000,60,0.1500000000
P000344,0.0383122849,8,APROVAR,0.0240000000,60,0.1500000000
P000345,0.0252948564,9,APROVAR,0.0230000000,60,0.1000000000
P000346,0.1128526448,4,NEGAR,,,
P000347,0.0464306496,8,APROVAR,0.0240000000,60,0.1500000000
P000348,0.0627856483,6,APROVAR,0.0260000000,48,0.2000000000
P000349,0.0489784021,8,APROVAR,0.0240000000,60,0.1500000000
P000350,0.0538197922,7,APROVAR,0.0250000000,60,0.1500000000
P000351,0.2455480894,2,NEGAR,,,
P000352,0.4937190059,1,NEGAR,,,
P000353,0.1995089576,3,NEGAR,,,
P000354,0.4112249640,1,NEGAR,,,
P000355,0.0564944727,7,APROVAR,0.0250000000,60,0.1500000000
P000356,0.5256082248,1,NEGAR,,,
P000357,0.0433595827,8,APROVAR,0.0240000000,60,0.1500000000
P000358,0.0382975418,8,APROVAR,0.0240000000,60,0.1500000000
P000359,0.0523550217,7,APROVAR,0.0250000000,60,0.1500000000
P000360,0.0659228899,6,APROVAR,0.0260000000,48,0.2000000000
P000361,0.0310662222,9,APROVAR,0.0230000000,60,0.1000000000
P000362,0.0767817716,5,NEGAR,,,
P000363,0.1690028833,3,NEGAR,,,
P000364,0.2088265717,3,NEGAR,,,
P000365,0.0468778884,8,APROVAR,0.0240000000,60,0.1500000000
P000366,0.0731287273,6,APROVAR,0.0260000000,48,0.2000000000
P000367,0.1537255002,3,NEGAR,,,
P000368,0.0439537171,8,APROVAR,0.0240000000,60,0.1500000000
P000369,0.0531072348,7,APROVAR,0.0250000000,60,0.1500000000
P000370,0.2880763783,2,NEGAR,,,
P000371,0.4576438473,1,NEGAR,,,
P000372,0.0305259089,9,APROVAR,0.0230000000,60,0.1000000000
P000373,0.1846874289,3,NEGAR,,,
P000374,0.0429249867,8,APROVAR,0.0240000000,60,0.1500000000
P000375,0.1769807062,3,NEGAR,,,
P000376,0.0656495722,6,APROVAR,0.0260000000,48,0.2000000000
P000377,0.0320033961,9,APROVAR,0.0230000000,60,0.1000000000
P000378,0.1910920866,3,NEGAR,,,
P000379,0.0551149212,7,APROVAR,0.0250000000,60,0.1500000000
P000380,0.2300176399,2,NEGAR,,,
P000381,0.1915576084,3,NEGAR,,,
P000382,0.0271889920,9,APROVAR,0.0230000000,60,0.1000000000
P000383,0.2448505803,2,NEGAR,,,
P000384,0.0750430473,5,NEGAR,,,
P000385,0.0284433082,9,APROVAR,0.0230000000,60,0.1000000000
P000386,0.1237424075,4,NEGAR,,,
P000387,0.1924121250,3,NEGAR,,,
P000388,0.1702841923,3,NEGAR,,,
P000389,0.3949841779,1,NEGAR,,,
P000390,0.0255989343,9,APROVAR,0.0230000000,60,0.1000000000
P000391,0.0380931650,8,APROVAR,0.0240000000,60,0.1500000000
P000392,0.0790145219,5,NEGAR,,,
P000393,0.0635891565,6,APROVAR,0.0260000000,48,0.2000000000
P000394,0.1183985172,4,NEGAR,,,
P000395,0.1345722581,4,NEGAR,,,
P000396,0.3454646287,2,NEGAR,,,
P000397,0.0613769783,6,APROVAR,0.0260000000,48,0.2000000000
P000398,0.0443947190,8,APROVAR,0.0240000000,60,0.1500000000
P000399,0.2246460069,2,NEGAR,,,
P000400,0.3090695387,2,NEGAR,,,
P000401,0.0619747506,6,APROVAR,0.0260000000,48,0.2000000000
P000402,0.0298563566,9,APROVAR,0.0230000000,60,0.1000000000
P000403,0.0373688436,8,APROVAR,0.0240000000,60,0.1500000000
P000404,0.3428887629,2,NEGAR,,,
P000405,0.0411648065,8,APROVAR,0.0240000000,60,0.1500000000
P000406,0.1052672084,4,NEGAR,,,
P000407,0.3226589223,2,NEGAR,,,
P000408,0.0373212961,8,APROVAR,0.0240000000,60,0.1500000000
P000409,0.0346840157,9,APROVAR,0.0230000000,60,0.1000000000
P000410,0.0279433138,9,APROVAR,0.0230000000,60,0.1000000000
P000411,0.0594591080,7,APROVAR,0.0250000000,60,0.1500000000
P000412,0.3020645556,2,NEGAR,,,
P000413,0.3492291021,2,NEGAR,,,
P000414,0.0799523968,5,NEGAR,,,
P000415,0.1361863449,4,NEGAR,,,
P000416,0.1992753626,3,NEGAR,,,
P000417,0.0153040020,10,APROVAR,0.0225000000,60,0.1000000000
P000418,0.1860047250,3,NEGAR,,,
P000419,0.2609565790,2,NEGAR,,,
P000420,0.0434585153,8,APROVAR,0.0240000000,60,0.1500000000
P000421,0.0566138379,7,APROVAR,0.0250000000,60,0.1500000000
P000422,0.0539580964,7,APROVAR,0.0250000000,60,0.1500000000
P000423,0.2357274075,2,NEGAR,,,
P000424,0.1694323349,3,NEGAR,,,
P000425,0.2976128015,2,NEGAR,,,
P000426,0.0200137469,9,APROVAR,0.0230000000,60,0.1000000000
P000427,0.5523152483,1,NEGAR,,,
P000428,0.3154336116,2,NEGAR,,,
P000429,0.0913555339,5,NEGAR,,,
P000430,0.4236020183,1,NEGAR,,,
P000431,0.0940636590,5,NEGAR,,,
P000432,0.0850195227,5,NEGAR,,,
P000433,0.1371193602,4,NEGAR,,,
P000434,0.0725963447,6,APROVAR,0.0260000000,48,0.2000000000
P000435,0.1434024412,4,NEGAR,,,
P000436,0.1972804651,3,NEGAR,,,
P000437,0.4389357491,1,NEGAR,,,
P000438,0.0172152469,10,APROVAR,0.0225000000,60,0.1000000000
P000439,0.0409705242,8,APROVAR,0.0240000000,60,0.1500000000
P000440,0.0580608451,7,APROVAR,0.0250000000,60,0.1500000000
P000441,0.2383017339,2,NEGAR,,,
P000442,0.1763527082,3,NEGAR,,,
P000443,0.0798234696,5,NEGAR,,,
P000444,0.2462316516,2,NEGAR,,,
P000445,0.1619588804,3,NEGAR,,,
P000446,0.1200976577,4,NEGAR,,,
P000447,0.5388457029,1,NEGAR,,,
P000448,0.2290159144,2,NEGAR,,,
P000449,0.1616981990,3,NEGAR,,,
P000450,0.0409608697,8,APROVAR,0.0240000000,60,0.1500000000
P000451,0.1789519115,3,NEGAR,,,
P000452,0.2722205233,2,NEGAR,,,
P000453,0.2844360822,2,NEGAR,,,
P000454,0.0641745058,6,APROVAR,0.0260000000,48,0.2000000000
P000455,0.0324182126,9,APROVAR,0.0230000000,60,0.1000000000
P000456,0.4136638174,1,NEGAR,,,
P000457,0.2403172009,2,NEGAR,,,
P000458,0.2379468324,2,NEGAR,,,
P000459,0.0388484032,8,APROVAR,0.0240000000,60,0.1500000000
P000460,0.0943503994,5,NEGAR,,,
P000461,0.0906081631,5,NEGAR,,,
P000462,0.0366270890,8,APROVAR,0.0240000000,60,0.1500000000
P000463,0.0311178333,9,APROVAR,0.0230000000,60,0.1000000000
P000464,0.0429143307,8,APROVAR,0.0240000000,60,0.1500000000
P000465,0.3821662819,1,NEGAR,,,
P000466,0.1334088673,4,NEGAR,,,
P000467,0.1700862541,3,NEGAR,,,
P000468,0.0352976743,8,APROVAR,0.0240000000,60,0.1500000000
P000469,0.0624150123,6,APROVAR,0.0260000000,48,0.2000000000
P000470,0.4439482699,1,NEGAR,,,
P000471,0.0628888290,6,APROVAR,0.0260000000,48,0.2000000000
P000472,0.0661083995,6,APROVAR,0.0260000000,48,0.2000000000
P000473,0.1253923873,4,NEGAR,,,
P000474,0.0521161596,7,APROVAR,0.0250000000,60,0.1500000000
P000475,0.1928221949,3,NEGAR,,,
P000476,0.0194404218,10,APROVAR,0.0225000000,60,0.1000000000
P000477,0.1066058327,4,NEGAR,,,
P000478,0.3092775339,2,NEGAR,,,
P000479,0.2202174499,2,NEGAR,,,
P000480,0.0527637930,7,APROVAR,0.0250000000,60,0.1500000000
P000481,0.1718116979,3,NEGAR,,,
P000482,0.0938496483,5,NEGAR,,,
P000483,0.0499798036,8,APROVAR,0.0240000000,60,0.1500000000
P000484,0.0296625202,9,APROVAR,0.0230000000,60,0.1000000000
P000485,0.2171958305,3,NEGAR,,,
P000486,0.1586334773,3,NEGAR,,,
P000487,0.1502860567,3,NEGAR,,,
P000488,0.1898225857,3,NEGAR,,,
P000489,0.1031558827,4,NEGAR,,,
P000490,0.3627256348,1,NEGAR,,,
P000491,0.0972371348,5,NEGAR,,,
P000492,0.1706154376,3,NEGAR,,,
P000493,0.2530906573,2,NEGAR,,,
P000494,0.3369774059,2,NEGAR,,,
P000495,0.1111197342,4,NEGAR,,,
P000496,0.3419692934,2,NEGAR,,,
P000497,0.0540023256,7,APROVAR,0.0250000000,60,0.1500000000
P000498,0.0821287764,5,NEGAR,,,
P000499,0.1430808635,4,NEGAR,,,
P000500,0.1770305297,3,NEGAR,,,
P000501,0.0830813630,5,NEGAR,,,
P000502,0.0503463527,7,APROVAR,0.0250000000,60,0.1500000000
P000503,0.0293350612,9,APROVAR,0.0230000000,60,0.1000000000
P000504,0.2673256312,2,NEGAR,,,
P000505,0.1555731471,3,NEGAR,,,
P000506,0.1112313135,4,NEGAR,,,
P000507,0.0402773459,8,APROVAR,0.0240000000,60,0.1500000000
P000508,0.1985998223,3,NEGAR,,,
P000509,0.3164985644,2,NEGAR,,,
P000510,0.2055621973,3,NEGAR,,,
P000511,0.1279741748,4,NEGAR,,,
P000512,0.2944629331,2,NEGAR,,,
P000513,0.0293914549,9,APROVAR,0.0230000000,60,0.1000000000
P000514,0.0412331022,8,APROVAR,0.0240000000,60,0.1500000000
P000515,0.0546905123,7,APROVAR,0.0250000000,60,0.1500000000
P000516,0.0585899187,7,APROVAR,0.0250000000,60,0.1500000000
P000517,0.1442999611,4,NEGAR,,,
P000518,0.0668850899,6,APROVAR,0.0260000000,48,0.2000000000
P000519,0.2478678140,2,NEGAR,,,
P000520,0.2248331881,2,NEGAR,,,
P000521,0.1103247431,4,NEGAR,,,
P000522,0.1679113996,3,NEGAR,,,
P000523,0.2033539343,3,NEGAR,,,
P000524,0.1582969539,3,NEGAR,,,
P000525,0.0428583158,8,APROVAR,0.0240000000,60,0.1500000000
P000526,0.0520452494,7,APROVAR,0.0250000000,60,0.1500000000
P000527,0.2672414461,2,NEGAR,,,
P000528,0.0432111942,8,APROVAR,0.0240000000,60,0.1500000000
P000529,0.0817530722,5,NEGAR,,,
P000530,0.1728186501,3,NEGAR,,,
P000531,0.0494549537,8,APROVAR,0.0240000000,60,0.1500000000
P000532,0.0917209272,5,NEGAR,,,
P000533,0.0666225027,6,APROVAR,0.0260000000,48,0.2000000000
P000534,0.0410609289,8,APROVAR,0.0240000000,60,0.1500000000
P000535,0.0950734707,5,NEGAR,,,
P000536,0.0339874691,9,APROVAR,0.0230000000,60,0.1000000000
P000537,0.1285509467,4,NEGAR,,,
P000538,0.4857738620,1,NEGAR,,,
P000539,0.1023643503,4,NEGAR,,,
P000540,0.0458944808,8,APROVAR,0.0240000000,60,0.1500000000
P000541,0.2979950332,2,NEGAR,,,
P000542,0.5082169565,1,NEGAR,,,
P000543,0.4440072938,1,NEGAR,,,
P000544,0.2003755090,3,NEGAR,,,
P000545,0.0907196112,5,NEGAR,,,
P000546,0.1464517618,4,NEGAR,,,
P000547,0.1643697720,3,NEGAR,,,
P000548,0.3655630880,1,NEGAR,,,
P000549,0.0244360012,9,APROVAR,0.0230000000,60,0.1000000000
P000550,0.1860583132,3,NEGAR,,,
P000551,0.2767776368,2,NEGAR,,,
P000552,0.0776612256,5,NEGAR,,,
P000553,0.0639910169,6,APROVAR,0.0260000000,48,0.2000000000
P000554,0.1953318017,3,NEGAR,,,
P000555,0.1983705135,3,NEGAR,,,
P000556,0.0666051121,6,APROVAR,0.0260000000,48,0.2000000000
P000557,0.0341302886,9,APROVAR,0.0230000000,60,0.1000000000
P000558,0.0274165329,9,APROVAR,0.0230000000,60,0.1000000000
P000559,0.3165299748,2,NEGAR,,,
P000560,0.0335318798,9,APROVAR,0.0230000000,60,0.1000000000
P000561,0.0531667451,7,APROVAR,0.0250000000,60,0.1500000000
P000562,0.2894628109,2,NEGAR,,,
P000563,0.0605252368,6,APROVAR,0.0260000000,48,0.2000000000
P000564,0.1911226474,3,NEGAR,,,
P000565,0.0435775081,8,APROVAR,0.0240000000,60,0.1500000000
P000566,0.3266259322,2,NEGAR,,,
P000567,0.0593382856,7,APROVAR,0.0250000000,60,0.1500000000
P000568,0.0368294496,8,APROVAR,0.0240000000,60,0.1500000000
P000569,0.2253937669,2,NEGAR,,,
P000570,0.0502050250,7,APROVAR,0.0250000000,60,0.1500000000
P000571,0.0283207506,9,APROVAR,0.0230000000,60,0.1000000000
P000572,0.2249598792,2,NEGAR,,,
P000573,0.0702251164,6,APROVAR,0.0260000000,48,0.2000000000
P000574,0.1122793218,4,NEGAR,,,
P000575,0.3034400336,2,NEGAR,,,
P000576,0.0840598733,5,NEGAR,,,
P000577,0.2168221651,3,NEGAR,,,
P000578,0.4189594636,1,NEGAR,,,
P000579,0.0676434689,6,APROVAR,0.0260000000,48,0.2000000000
P000580,0.0353068810,8,APROVAR,0.0240000000,60,0.1500000000
P000581,0.0736443937,6,APROVAR,0.0260000000,48,0.2000000000
P000582,0.0248623528,9,APROVAR,0.0230000000,60,0.1000000000
P000583,0.3524430932,1,NEGAR,,,
P000584,0.3061860969,2,NEGAR,,,
P000585,0.3550021171,1,NEGAR,,,
P000586,0.0735832861,6,APROVAR,0.0260000000,48,0.2000000000
P000587,0.0215486251,9,APROVAR,0.0230000000,60,0.1000000000
P000588,0.0673849106,6,APROVAR,0.0260000000,48,0.2000000000
P000589,0.0400742345,8,APROVAR,0.0240000000,60,0.1500000000
P000590,0.2347766762,2,NEGAR,,,
P000591,0.0397142768,8,APROVAR,0.0240000000,60,0.1500000000
P000592,0.3075205476,2,NEGAR,,,
P000593,0.1686180653,3,NEGAR,,,
P000594,0.2602548644,2,NEGAR,,,
P000595,0.0562035007,7,APROVAR,0.0250000000,60,0.1500000000
P000596,0.0257642820,9,APROVAR,0.0230000000,60,0.1000000000
P000597,0.4478513010,1,NEGAR,,,
P000598,0.2613195986,2,NEGAR,,,
P000599,0.0694233480,6,APROVAR,0.0260000000,48,0.2000000000
P000600,0.0405343518,8,APROVAR,0.0240000000,60,0.1500000000
P000601,0.0495634750,8,APROVAR,0.0240000000,60,0.1500000000
P000602,0.1055094039,4,NEGAR,,,
P000603,0.0963696719,5,NEGAR,,,
P000604,0.0292075053,9,APROVAR,0.0230000000,60,0.1000000000
P000605,0.5231685128,1,NEGAR,,,
P000606,0.4456749788,1,NEGAR,,,
P000607,0.0579217407,7,APROVAR,0.0250000000,60,0.1500000000
P000608,0.2389152813,2,NEGAR,,,
P000609,0.4302380762,1,NEGAR,,,
P000610,0.0397916268,8,APROVAR,0.0240000000,60,0.1500000000
P000611,0.1815177150,3,NEGAR,,,
P000612,0.0328767912,9,APROVAR,0.0230000000,60,0.1000000000
P000613,0.0578720587,7,APROVAR,0.0250000000,60,0.1500000000
P000614,0.3737267123,1,NEGAR,,,
P000615,0.0374925160,8,APROVAR,0.0240000000,60,0.1500000000
P000616,0.1023230780,4,NEGAR,,,
P000617,0.0592132978,7,APROVAR,0.0250000000,60,0.1500000000
P000618,0.0726100984,6,APROVAR,0.0260000000,48,0.2000000000
P000619,0.1955599432,3,NEGAR,,,
P000620,0.0427589233,8,APROVAR,0.0240000000,60,0.1500000000
P000621,0.0783822250,5,NEGAR,,,
P000622,0.2004250419,3,NEGAR,,,
P000623,0.0996792545,5,NEGAR,,,
P000624,0.0519902388,7,APROVAR,0.0250000000,60,0.1500000000
P000625,0.2663194411,2,NEGAR,,,
P000626,0.0628295526,6,APROVAR,0.0260000000,48,0.2000000000
P000627,0.4098038569,1,NEGAR,,,
P000628,0.0463283113,8,APROVAR,0.0240000000,60,0.1500000000
P000629,0.0464244716,8,APROVAR,0.0240000000,60,0.1500000000
P000630,0.0505190389,7,APROVAR,0.0250000000,60,0.1500000000
P000631,0.0426511999,8,APROVAR,0.0240000000,60,0.1500000000
P000632,0.0463468957,8,APROVAR,0.0240000000,60,0.1500000000
P000633,0.0421272549,8,APROVAR,0.0240000000,60,0.1500000000
P000634,0.2107541708,3,NEGAR,,,
P000635,0.1115799037,4,NEGAR,,,
P000636,0.0861775270,5,NEGAR,,,
P000637,0.2186757918,3,NEGAR,,,
P000638,0.0384619395,8,APROVAR,0.0240000000,60,0.1500000000
P000639,0.2768814532,2,NEGAR,,,
P000640,0.0803658828,5,NEGAR,,,
P000641,0.2938272929,2,NEGAR,,,
P000642,0.3921023684,1,NEGAR,,,
P000643,0.0537409981,7,APROVAR,0.0250000000,60,0.1500000000
P000644,0.0461419112,8,APROVAR,0.0240000000,60,0.1500000000
P000645,0.0338888998,9,APROVAR,0.0230000000,60,0.1000000000
P000646,0.0449638618,8,APROVAR,0.0240000000,60,0.1500000000
P000647,0.1600338320,3,NEGAR,,,
P000648,0.0275300920,9,APROVAR,0.0230000000,60,0.1000000000
P000649,0.3337625589,2,NEGAR,,,
P000650,0.0323358328,9,APROVAR,0.0230000000,60,0.1000000000
P000651,0.0488507367,8,APROVAR,0.0240000000,60,0.1500000000
P000652,0.0873978981,5,NEGAR,,,
P000653,0.1267583728,4,NEGAR,,,
P000654,0.1408663821,4,NEGAR,,,
P000655,0.1024985708,4,NEGAR,,,
P000656,0.1011998156,4,NEGAR,,,
P000657,0.0341089815,9,APROVAR,0.0230000000,60,0.1000000000
P000658,0.2690299118,2,NEGAR,,,
P000659,0.2073491308,3,NEGAR,,,
P000660,0.1341477356,4,NEGAR,,,
P000661,0.3208964543,2,NEGAR,,,
P000662,0.2250952837,2,NEGAR,,,
P000663,0.0814199913,5,NEGAR,,,
P000664,0.0682513133,6,APROVAR,0.0260000000,48,0.2000000000
P000665,0.0559493239,7,APROVAR,0.0250000000,60,0.1500000000
P000666,0.4043678728,1,NEGAR,,,
P000667,0.0382321782,8,APROVAR,0.0240000000,60,0.1500000000
P000668,0.3789667870,1,NEGAR,,,
P000669,0.2295756578,2,NEGAR,,,
P000670,0.0308593701,9,APROVAR,0.0230000000,60,0.1000000000
P000671,0.1971649894,3,NEGAR,,,
P000672,0.0502217032,7,APROVAR,0.0250000000,60,0.1500000000
P000673,0.0370275055,8,APROVAR,0.0240000000,60,0.1500000000
P000674,0.0557435714,7,APROVAR,0.0250000000,60,0.1500000000
P000675,0.1144534659,4,NEGAR,,,
P000676,0.3269894183,2,NEGAR,,,
P000677,0.0217887142,9,APROVAR,0.0230000000,60,0.1000000000
P000678,0.2031202379,3,NEGAR,,,
P000679,0.0152400668,10,APROVAR,0.0225000000,60,0.1000000000
P000680,0.0410343347,8,APROVAR,0.0240000000,60,0.1500000000
P000681,0.0278065327,9,APROVAR,0.0230000000,60,0.1000000000
P000682,0.3461760641,2,NEGAR,,,
P000683,0.0288114483,9,APROVAR,0.0230000000,60,0.1000000000
P000684,0.1966452590,3,NEGAR,,,
P000685,0.0931699709,5,NEGAR,,,
P000686,0.0473270352,8,APROVAR,0.0240000000,60,0.1500000000
P000687,0.0310711992,9,APROVAR,0.0230000000,60,0.1000000000
P000688,0.0395436004,8,APROVAR,0.0240000000,60,0.1500000000
P000689,0.0447658587,8,APROVAR,0.0240000000,60,0.1500000000
P000690,0.0778334170,5,NEGAR,,,
P000691,0.0712481177,6,APROVAR,0.0260000000,48,0.2000000000
P000692,0.0191621090,10,APROVAR,0.0225000000,60,0.1000000000
P000693,0.0418425751,8,APROVAR,0.0240000000,60,0.1500000000
P000694,0.1894564448,3,NEGAR,,,
P000695,0.0403801483,8,APROVAR,0.0240000000,60,0.1500000000
P000696,0.1776750931,3,NEGAR,,,
P000697,0.0332933128,9,APROVAR,0.0230000000,60,0.1000000000
P000698,0.1935557354,3,NEGAR,,,
P000699,0.0943918685,5,NEGAR,,,
P000700,0.2959671344,2,NEGAR,,,
P000701,0.0366650464,8,APROVAR,0.0240000000,60,0.1500000000
P000702,0.0429291047,8,APROVAR,0.0240000000,60,0.1500000000
P000703,0.1762704207,3,NEGAR,,,
P000704,0.2384133897,2,NEGAR,,,
P000705,0.0247559140,9,APROVAR,0.0230000000,60,0.1000000000
P000706,0.0640242440,6,APROVAR,0.0260000000,48,0.2000000000
P000707,0.2543322266,2,NEGAR,,,
P000708,0.5735187779,1,NEGAR,,,
P000709,0.3465629603,2,NEGAR,,,
P000710,0.1546018215,3,NEGAR,,,
P000711,0.3659223122,1,NEGAR,,,
P000712,0.1504301383,3,NEGAR,,,
P000713,0.1559956136,3,NEGAR,,,
P000714,0.3257383168,2,NEGAR,,,
P000715,0.0203523912,9,APROVAR,0.0230000000,60,0.1000000000
P000716,0.1174021778,4,NEGAR,,,
P000717,0.0520060520,7,APROVAR,0.0250000000,60,0.1500000000
P000718,0.1548620045,3,NEGAR,,,
P000719,0.0497642911,8,APROVAR,0.0240000000,60,0.1500000000
P000720,0.1793570869,3,NEGAR,,,
P000721,0.0366772414,8,APROVAR,0.0240000000,60,0.1500000000
P000722,0.0533090690,7,APROVAR,0.0250000000,60,0.1500000000
P000723,0.1760368601,3,NEGAR,,,
P000724,0.1453162659,4,NEGAR,,,
P000725,0.0294678918,9,APROVAR,0.0230000000,60,0.1000000000
P000726,0.0467789713,8,APROVAR,0.0240000000,60,0.1500000000
P000727,0.0943068597,5,NEGAR,,,
P000728,0.3219689534,2,NEGAR,,,
P000729,0.0332481769,9,APROVAR,0.0230000000,60,0.1000000000
P000730,0.1194314808,4,NEGAR,,,
P000731,0.0343094182,9,APROVAR,0.0230000000,60,0.1000000000
P000732,0.1776587718,3,NEGAR,,,
P000733,0.2969243580,2,NEGAR,,,
P000734,0.0544488360,7,APROVAR,0.0250000000,60,0.1500000000
P000735,0.2206586388,2,NEGAR,,,
P000736,0.5290467133,1,NEGAR,,,
P000737,0.2478350003,2,NEGAR,,,
P000738,0.0218142289,9,APROVAR,0.0230000000,60,0.1000000000
P000739,0.0441612739,8,APROVAR,0.0240000000,60,0.1500000000
P000740,0.4231589871,1,NEGAR,,,
P000741,0.0471682658,8,APROVAR,0.0240000000,60,0.1500000000
P000742,0.1029704901,4,NEGAR,,,
P000743,0.2097293640,3,NEGAR,,,
P000744,0.0431602130,8,APROVAR,0.0240000000,60,0.1500000000
P000745,0.0523123074,7,APROVAR,0.0250000000,60,0.1500000000
P000746,0.0582211499,7,APROVAR,0.0250000000,60,0.1500000000
P000747,0.0808670759,5,NEGAR,,,
P000748,0.2071359633,3,NEGAR,,,
P000749,0.3947860620,1,NEGAR,,,
P000750,0.1241228584,4,NEGAR,,,
P000751,0.0466586493,8,APROVAR,0.0240000000,60,0.1500000000
P000752,0.1415649491,4,NEGAR,,,
P000753,0.0345099590,9,APROVAR,0.0230000000,60,0.1000000000
P000754,0.4068306370,1,NEGAR,,,
P000755,0.0220542695,9,APROVAR,0.0230000000,60,0.1000000000
P000756,0.0654821928,6,APROVAR,0.0260000000,48,0.2000000000
P000757,0.1018722892,4,NEGAR,,,
P000758,0.1527715228,3,NEGAR,,,
P000759,0.3361427619,2,NEGAR,,,
P000760,0.1978079548,3,NEGAR,,,
P000761,0.0214293174,9,APROVAR,0.0230000000,60,0.1000000000
P000762,0.0299940924,9,APROVAR,0.0230000000,60,0.1000000000
P000763,0.0570063378,7,APROVAR,0.0250000000,60,0.1500000000
P000764,0.1240485607,4,NEGAR,,,
P000765,0.0469956319,8,APROVAR,0.0240000000,60,0.1500000000
P000766,0.0351121821,8,APROVAR,0.0240000000,60,0.1500000000
P000767,0.1518576216,3,NEGAR,,,
P000768,0.1799507408,3,NEGAR,,,
P000769,0.0223764172,9,APROVAR,0.0230000000,60,0.1000000000
P000770,0.1809023505,3,NEGAR,,,
P000771,0.0338726899,9,APROVAR,0.0230000000,60,0.1000000000
P000772,0.0264620222,9,APROVAR,0.0230000000,60,0.1000000000
P000773,0.3546201041,1,NEGAR,,,
P000774,0.0284114919,9,APROVAR,0.0230000000,60,0.1000000000
P000775,0.4291338886,1,NEGAR,,,
P000776,0.0297265749,9,APROVAR,0.0230000000,60,0.1000000000
P000777,0.0296650805,9,APROVAR,0.0230000000,60,0.1000000000
P000778,0.1280166440,4,NEGAR,,,
P000779,0.0414308182,8,APROVAR,0.0240000000,60,0.1500000000
P000780,0.0647277514,6,APROVAR,0.0260000000,48,0.2000000000
P000781,0.1275885777,4,NEGAR,,,
P000782,0.2594318058,2,NEGAR,,,
P000783,0.2752050825,2,NEGAR,,,
P000784,0.1821700751,3,NEGAR,,,
P000785,0.1059022910,4,NEGAR,,,
P000786,0.0737717484,6,APROVAR,0.0260000000,48,0.2000000000
P000787,0.0290101278,9,APROVAR,0.0230000000,60,0.1000000000
P000788,0.3612018444,1,NEGAR,,,
P000789,0.0424396815,8,APROVAR,0.0240000000,60,0.1500000000
P000790,0.1216151067,4,NEGAR,,,
P000791,0.3713423050,1,NEGAR,,,
P000792,0.0601390154,6,APROVAR,0.0260000000,48,0.2000000000
P000793,0.0413541898,8,APROVAR,0.0240000000,60,0.1500000000
P000794,0.2280932043,2,NEGAR,,,
P000795,0.2672751183,2,NEGAR,,,
P000796,0.2634236100,2,NEGAR,,,
P000797,0.0324843692,9,APROVAR,0.0230000000,60,0.1000000000
P000798,0.1258240135,4,NEGAR,,,
P000799,0.0581442698,7,APROVAR,0.0250000000,60,0.1500000000
P000800,0.0380787561,8,APROVAR,0.0240000000,60,0.1500000000
P000801,0.0491562441,8,APROVAR,0.0240000000,60,0.1500000000
P000802,0.1422434950,4,NEGAR,,,
P000803,0.0378969942,8,APROVAR,0.0240000000,60,0.1500000000
P000804,0.0559298506,7,APROVAR,0.0250000000,60,0.1500000000
P000805,0.0395409645,8,APROVAR,0.0240000000,60,0.1500000000
P000806,0.2906378972,2,NEGAR,,,
P000807,0.0414996385,8,APROVAR,0.0240000000,60,0.1500000000
P000808,0.2228188093,2,NEGAR,,,
P000809,0.0339349596,9,APROVAR,0.0230000000,60,0.1000000000
P000810,0.0430929820,8,APROVAR,0.0240000000,60,0.1500000000
P000811,0.3461511882,2,NEGAR,,,
P000812,0.0325820768,9,APROVAR,0.0230000000,60,0.1000000000
P000813,0.1216647052,4,NEGAR,,,
P000814,0.3300999464,2,NEGAR,,,
P000815,0.0247931468,9,APROVAR,0.0230000000,60,0.1000000000
P000816,0.2501126185,2,NEGAR,,,
P000817,0.1256195616,4,NEGAR,,,
P000818,0.2164161217,3,NEGAR,,,
P000819,0.0803036054,5,NEGAR,,,
P000820,0.0553521500,7,APROVAR,0.0250000000,60,0.1500000000
P000821,0.0547639180,7,APROVAR,0.0250000000,60,0.1500000000
P000822,0.0240723498,9,APROVAR,0.0230000000,60,0.1000000000
P000823,0.1200586827,4,NEGAR,,,
P000824,0.2507039800,2,NEGAR,,,
P000825,0.0319920480,9,APROVAR,0.0230000000,60,0.1000000000
P000826,0.4084369312,1,NEGAR,,,
P000827,0.0370104558,8,APROVAR,0.0240000000,60,0.1500000000
P000828,0.1706457475,3,NEGAR,,,
P000829,0.2233280432,2,NEGAR,,,
P000830,0.2998698363,2,NEGAR,,,
P000831,0.0562203491,7,APROVAR,0.0250000000,60,0.1500000000
P000832,0.0350741482,8,APROVAR,0.0240000000,60,0.1500000000
P000833,0.0539832170,7,APROVAR,0.0250000000,60,0.1500000000
P000834,0.1757031045,3,NEGAR,,,
P000835,0.0689585219,6,APROVAR,0.0260000000,48,0.2000000000
P000836,0.0484548386,8,APROVAR,0.0240000000,60,0.1500000000
P000837,0.1560795558,3,NEGAR,,,
P000838,0.0731885136,6,APROVAR,0.0260000000,48,0.2000000000
P000839,0.3274801918,2,NEGAR,,,
P000840,0.0525271583,7,APROVAR,0.0250000000,60,0.1500000000
P000841,0.0351350352,8,APROVAR,0.0240000000,60,0.1500000000
P000842,0.0265679905,9,APROVAR,0.0230000000,60,0.1000000000
P000843,0.0835163611,5,NEGAR,,,
P000844,0.0427459194,8,APROVAR,0.0240000000,60,0.1500000000
P000845,0.0668264579,6,APROVAR,0.0260000000,48,0.2000000000
P000846,0.4467147132,1,NEGAR,,,
P000847,0.0633274789,6,APROVAR,0.0260000000,48,0.2000000000
P000848,0.0617070127,6,APROVAR,0.0260000000,48,0.2000000000
P000849,0.0979311449,5,NEGAR,,,
P000850,0.0264277233,9,APROVAR,0.0230000000,60,0.1000000000
P000851,0.3096216951,2,NEGAR,,,
P000852,0.0832771425,5,NEGAR,,,
P000853,0.1258992284,4,NEGAR,,,
P000854,0.1191500876,4,NEGAR,,,
P000855,0.0461619594,8,APROVAR,0.0240000000,60,0.1500000000
P000856,0.0335354552,9,APROVAR,0.0230000000,60,0.1000000000
P000857,0.0332370218,9,APROVAR,0.0230000000,60,0.1000000000
P000858,0.0612219913,6,APROVAR,0.0260000000,48,0.2000000000
P000859,0.0613687469,6,APROVAR,0.0260000000,48,0.2000000000
P000860,0.0538054921,7,APROVAR,0.0250000000,60,0.1500000000
P000861,0.0386189385,8,APROVAR,0.0240000000,60,0.1500000000
P000862,0.0674562667,6,APROVAR,0.0260000000,48,0.2000000000
P000863,0.1049703696,4,NEGAR,,,
P000864,0.0719509979,6,APROVAR,0.0260000000,48,0.2000000000
P000865,0.1641731751,3,NEGAR,,,
P000866,0.1485556036,4,NEGAR,,,
P000867,0.0983973759,5,NEGAR,,,
P000868,0.0241000934,9,APROVAR,0.0230000000,60,0.1000000000
P000869,0.0984106168,5,NEGAR,,,
P000870,0.1830801878,3,NEGAR,,,
P000871,0.2294730291,2,NEGAR,,,
P000872,0.0480024178,8,APROVAR,0.0240000000,60,0.1500000000
P000873,0.3337618154,2,NEGAR,,,
P000874,0.1121634041,4,NEGAR,,,
P000875,0.2679982864,2,NEGAR,,,
P000876,0.1000086894,4,NEGAR,,,
P000877,0.1366991058,4,NEGAR,,,
P000878,0.2941289372,2,NEGAR,,,
P000879,0.2606093262,2,NEGAR,,,
P000880,0.0401687388,8,APROVAR,0.0240000000,60,0.1500000000
P000881,0.0638201662,6,APROVAR,0.0260000000,48,0.2000000000
P000882,0.1329516877,4,NEGAR,,,
P000883,0.1439432039,4,NEGAR,,,
P000884,0.1724429019,3,NEGAR,,,
P000885,0.0721177361,6,APROVAR,0.0260000000,48,0.2000000000
P000886,0.0379734437,8,APROVAR,0.0240000000,60,0.1500000000
P000887,0.0488081059,8,APROVAR,0.0240000000,60,0.1500000000
P000888,0.0806961541,5,NEGAR,,,
P000889,0.0730995787,6,APROVAR,0.0260000000,48,0.2000000000
P000890,0.2048932210,3,NEGAR,,,
P000891,0.0771899775,5,NEGAR,,,
P000892,0.0807088228,5,NEGAR,,,
P000893,0.0366495724,8,APROVAR,0.0240000000,60,0.1500000000
P000894,0.1341085809,4,NEGAR,,,
P000895,0.0812238899,5,NEGAR,,,
P000896,0.0723669874,6,APROVAR,0.0260000000,48,0.2000000000
P000897,0.4601074168,1,NEGAR,,,
P000898,0.0392584121,8,APROVAR,0.0240000000,60,0.1500000000
P000899,0.3066289155,2,NEGAR,,,
P000900,0.3030155141,2,NEGAR,,,
P000901,0.0531120248,7,APROVAR,0.0250000000,60,0.1500000000
P000902,0.0445717445,8,APROVAR,0.0240000000,60,0.1500000000
P000903,0.0461353935,8,APROVAR,0.0240000000,60,0.1500000000
P000904,0.1400046848,4,NEGAR,,,
P000905,0.1431796823,4,NEGAR,,,
P000906,0.2113241071,3,NEGAR,,,
P000907,0.4652157834,1,NEGAR,,,
P000908,0.0699433345,6,APROVAR,0.0260000000,48,0.2000000000
P000909,0.2810088869,2,NEGAR,,,
P000910,0.0587772608,7,APROVAR,0.0250000000,60,0.1500000000
P000911,0.2592752848,2,NEGAR,,,
P000912,0.3112181763,2,NEGAR,,,
P000913,0.0421002572,8,APROVAR,0.0240000000,60,0.1500000000
P000914,0.0474825584,8,APROVAR,0.0240000000,60,0.1500000000
P000915,0.0756451425,5,NEGAR,,,
P000916,0.0870974295,5,NEGAR,,,
P000917,0.1912680022,3,NEGAR,,,
P000918,0.0739711072,6,APROVAR,0.0260000000,48,0.2000000000
P000919,0.0852876887,5,NEGAR,,,
P000920,0.1093419270,4,NEGAR,,,
P000921,0.0851052387,5,NEGAR,,,
P000922,0.2784285228,2,NEGAR,,,
P000923,0.0577872539,7,APROVAR,0.0250000000,60,0.1500000000
P000924,0.1508591671,3,NEGAR,,,
P000925,0.0243525631,9,APROVAR,0.0230000000,60,0.1000000000
P000926,0.0736571916,6,APROVAR,0.0260000000,48,0.2000000000
P000927,0.2162066583,3,NEGAR,,,
P000928,0.0577487781,7,APROVAR,0.0250000000,60,0.1500000000
P000929,0.1831970125,3,NEGAR,,,
P000930,0.0264945138,9,APROVAR,0.0230000000,60,0.1000000000
P000931,0.0297750552,9,APROVAR,0.0230000000,60,0.1000000000
P000932,0.4507059431,1,NEGAR,,,
P000933,0.1623127407,3,NEGAR,,,
P000934,0.0513033127,7,APROVAR,0.0250000000,60,0.1500000000
P000935,0.1222033319,4,NEGAR,,,
P000936,0.0251913611,9,APROVAR,0.0230000000,60,0.1000000000
P000937,0.2670711236,2,NEGAR,,,
P000938,0.0458339006,8,APROVAR,0.0240000000,60,0.1500000000
P000939,0.0570918101,7,APROVAR,0.0250000000,60,0.1500000000
P000940,0.0630234717,6,APROVAR,0.0260000000,48,0.2000000000
P000941,0.1504032701,3,NEGAR,,,
P000942,0.0456050929,8,APROVAR,0.0240000000,60,0.1500000000
P000943,0.0530371991,7,APROVAR,0.0250000000,60,0.1500000000
P000944,0.0303434075,9,APROVAR,0.0230000000,60,0.1000000000
P000945,0.0529875083,7,APROVAR,0.0250000000,60,0.1500000000
P000946,0.1700840039,3,NEGAR,,,
P000947,0.4283497077,1,NEGAR,,,
P000948,0.4068728327,1,NEGAR,,,
P000949,0.0601383643,6,APROVAR,0.0260000000,48,0.2000000000
P000950,0.0513800565,7,APROVAR,0.0250000000,60,0.1500000000
P000951,0.0469705492,8,APROVAR,0.0240000000,60,0.1500000000
P000952,0.0472183707,8,APROVAR,0.0240000000,60,0.1500000000
P000953,0.0500183084,7,APROVAR,0.0250000000,60,0.1500000000
P000954,0.0364844289,8,APROVAR,0.0240000000,60,0.1500000000
P000955,0.0407224845,8,APROVAR,0.0240000000,60,0.1500000000
P000956,0.2472877184,2,NEGAR,,,
P000957,0.0289759095,9,APROVAR,0.0230000000,60,0.1000000000
P000958,0.2478025930,2,NEGAR,,,
P000959,0.0877799398,5,NEGAR,,,
P000960,0.0450589836,8,APROVAR,0.0240000000,60,0.1500000000
P000961,0.5139783224,1,NEGAR,,,
P000962,0.0357828112,8,APROVAR,0.0240000000,60,0.1500000000
P000963,0.0372231853,8,APROVAR,0.0240000000,60,0.1500000000
P000964,0.1731784005,3,NEGAR,,,
P000965,0.0373040845,8,APROVAR,0.0240000000,60,0.1500000000
P000966,0.1245489918,4,NEGAR,,,
P000967,0.1362443406,4,NEGAR,,,
P000968,0.2674217069,2,NEGAR,,,
P000969,0.0294357489,9,APROVAR,0.0230000000,60,0.1000000000
P000970,0.0213864022,9,APROVAR,0.0230000000,60,0.1000000000
P000971,0.3595981101,1,NEGAR,,,
P000972,0.3016543718,2,NEGAR,,,
P000973,0.0337519534,9,APROVAR,0.0230000000,60,0.1000000000
P000974,0.0254354948,9,APROVAR,0.0230000000,60,0.1000000000
P000975,0.3283294195,2,NEGAR,,,
P000976,0.0552955512,7,APROVAR,0.0250000000,60,0.1500000000
P000977,0.0188421065,10,APROVAR,0.0225000000,60,0.1000000000
P000978,0.0909805943,5,NEGAR,,,
P000979,0.0861371727,5,NEGAR,,,
P000980,0.1219197724,4,NEGAR,,,
P000981,0.0816192948,5,NEGAR,,,
P000982,0.0843565921,5,NEGAR,,,
P000983,0.0317758513,9,APROVAR,0.0230000000,60,0.1000000000
P000984,0.0443894505,8,APROVAR,0.0240000000,60,0.1500000000
P000985,0.0980697450,5,NEGAR,,,
P000986,0.0684841636,6,APROVAR,0.0260000000,48,0.2000000000
P000987,0.0451361585,8,APROVAR,0.0240000000,60,0.1500000000
P000988,0.0909118796,5,NEGAR,,,
P000989,0.0254593836,9,APROVAR,0.0230000000,60,0.1000000000
P000990,0.1462906523,4,NEGAR,,,
P000991,0.0699899076,6,APROVAR,0.0260000000,48,0.2000000000
P000992,0.0406186075,8,APROVAR,0.0240000000,60,0.1500000000
P000993,0.0538304241,7,APROVAR,0.0250000000,60,0.1500000000
P000994,0.0443796866,8,APROVAR,0.0240000000,60,0.1500000000
P000995,0.0248857823,9,APROVAR,0.0230000000,60,0.1000000000
P000996,0.0256105479,9,APROVAR,0.0230000000,60,0.1000000000
P000997,0.1496261987,4,NEGAR,,,
P000998,0.1187561343,4,NEGAR,,,
P000999,0.0509955059,7,APROVAR,0.0250000000,60,0.1500000000
P001000,0.2820929254,2,NEGAR,,,
P001001,0.1119306729,4,NEGAR,,,
P001002,0.3059799749,2,NEGAR,,,
P001003,0.0568755498,7,APROVAR,0.0250000000,60,0.1500000000
P001004,0.2658594581,2,NEGAR,,,
P001005,0.0249428189,9,APROVAR,0.0230000000,60,0.1000000000
P001006,0.1160894024,4,NEGAR,,,
P001007,0.2128302529,3,NEGAR,,,
P001008,0.1608199669,3,NEGAR,,,
P001009,0.0696186527,6,APROVAR,0.0260000000,48,0.2000000000
P001010,0.0273304252,9,APROVAR,0.0230000000,60,0.1000000000
P001011,0.1955374229,3,NEGAR,,,
P001012,0.0315577116,9,APROVAR,0.0230000000,60,0.1000000000
P001013,0.0294053705,9,APROVAR,0.0230000000,60,0.1000000000
P001014,0.2809589544,2,NEGAR,,,
P001015,0.0475918533,8,APROVAR,0.0240000000,60,0.1500000000
P001016,0.0608232519,6,APROVAR,0.0260000000,48,0.2000000000
P001017,0.3767948714,1,NEGAR,,,
P001018,0.1078194959,4,NEGAR,,,
P001019,0.3730769759,1,NEGAR,,,
P001020,0.0344586953,9,APROVAR,0.0230000000,60,0.1000000000
P001021,0.1272035336,4,NEGAR,,,
P001022,0.1569720574,3,NEGAR,,,
P001023,0.1723928165,3,NEGAR,,,
P001024,0.0830475227,5,NEGAR,,,
P001025,0.1541505793,3,NEGAR,,,
P001026,0.1742170275,3,NEGAR,,,
P001027,0.5126106819,1,NEGAR,,,
P001028,0.0159866984,10,APROVAR,0.0225000000,60,0.1000000000
P001029,0.2182829524,3,NEGAR,,,
P001030,0.0855560836,5,NEGAR,,,
P001031,0.3078025397,2,NEGAR,,,
P001032,0.0274041642,9,APROVAR,0.0230000000,60,0.1000000000
P001033,0.2142474295,3,NEGAR,,,
P001034,0.1375780143,4,NEGAR,,,
P001035,0.2285868378,2,NEGAR,,,
P001036,0.3658302350,1,NEGAR,,,
P001037,0.0691672750,6,APROVAR,0.0260000000,48,0.2000000000
P001038,0.0508517238,7,APROVAR,0.0250000000,60,0.1500000000
P001039,0.3226322636,2,NEGAR,,,
P001040,0.1578810645,3,NEGAR,,,
P001041,0.0210080087,9,APROVAR,0.0230000000,60,0.1000000000
P001042,0.1876512284,3,NEGAR,,,
P001043,0.0756413470,5,NEGAR,,,
P001044,0.0365885675,8,APROVAR,0.0240000000,60,0.1500000000
P001045,0.0648910218,6,APROVAR,0.0260000000,48,0.2000000000
P001046,0.2812624667,2,NEGAR,,,
P001047,0.0249131644,9,APROVAR,0.0230000000,60,0.1000000000
P001048,0.1302888420,4,NEGAR,,,
P001049,0.0301078275,9,APROVAR,0.0230000000,60,0.1000000000
P001050,0.0593667691,7,APROVAR,0.0250000000,60,0.1500000000
P001051,0.1420564077,4,NEGAR,,,
P001052,0.0335484143,9,APROVAR,0.0230000000,60,0.1000000000
P001053,0.0500788464,7,APROVAR,0.0250000000,60,0.1500000000
P001054,0.2189764464,3,NEGAR,,,
P001055,0.3794858684,1,NEGAR,,,
P001056,0.0304423845,9,APROVAR,0.0230000000,60,0.1000000000
P001057,0.0570019166,7,APROVAR,0.0250000000,60,0.1500000000
P001058,0.1321850500,4,NEGAR,,,
P001059,0.0611448655,6,APROVAR,0.0260000000,48,0.2000000000
P001060,0.1251921398,4,NEGAR,,,
P001061,0.2155472573,3,NEGAR,,,
P001062,0.1430182581,4,NEGAR,,,
P001063,0.0620832335,6,APROVAR,0.0260000000,48,0.2000000000
P001064,0.0325053621,9,APROVAR,0.0230000000,60,0.1000000000
P001065,0.3853240564,1,NEGAR,,,
P001066,0.2825235722,2,NEGAR,,,
P001067,0.0783741228,5,NEGAR,,,
P001068,0.2265990312,2,NEGAR,,,
P001069,0.0405469825,8,APROVAR,0.0240000000,60,0.1500000000
P001070,0.3406760229,2,NEGAR,,,
P001071,0.0628717953,6,APROVAR,0.0260000000,48,0.2000000000
P001072,0.3681525586,1,NEGAR,,,
P001073,0.0916467865,5,NEGAR,,,
P001074,0.0493970992,8,APROVAR,0.0240000000,60,0.1500000000
P001075,0.0911946684,5,NEGAR,,,
P001076,0.0777554029,5,NEGAR,,,
P001077,0.0291260211,9,APROVAR,0.0230000000,60,0.1000000000
P001078,0.1675091662,3,NEGAR,,,
P001079,0.2678034335,2,NEGAR,,,
P001080,0.1268377217,4,NEGAR,,,
P001081,0.4777259517,1,NEGAR,,,
P001082,0.1097555484,4,NEGAR,,,
P001083,0.0701028057,6,APROVAR,0.0260000000,48,0.2000000000
P001084,0.1916293434,3,NEGAR,,,
P001085,0.3209033066,2,NEGAR,,,
P001086,0.0337984283,9,APROVAR,0.0230000000,60,0.1000000000
P001087,0.0512009913,7,APROVAR,0.0250000000,60,0.1500000000
P001088,0.1326895489,4,NEGAR,,,
P001089,0.0633350940,6,APROVAR,0.0260000000,48,0.2000000000
P001090,0.0351331163,8,APROVAR,0.0240000000,60,0.1500000000
P001091,0.2566249420,2,NEGAR,,,
P001092,0.0165334588,10,APROVAR,0.0225000000,60,0.1000000000
P001093,0.0270806425,9,APROVAR,0.0230000000,60,0.1000000000
P001094,0.1921948986,3,NEGAR,,,
P001095,0.0525095375,7,APROVAR,0.0250000000,60,0.1500000000
P001096,0.2315359456,2,NEGAR,,,
P001097,0.2100742098,3,NEGAR,,,
P001098,0.0588369248,7,APROVAR,0.0250000000,60,0.1500000000
P001099,0.2053194123,3,NEGAR,,,
P001100,0.0300555049,9,APROVAR,0.0230000000,60,0.1000000000
P001101,0.3277337597,2,NEGAR,,,
P001102,0.3426469815,2,NEGAR,,,
P001103,0.0311258356,9,APROVAR,0.0230000000,60,0.1000000000
P001104,0.2058238117,3,NEGAR,,,
P001105,0.3521252829,1,NEGAR,,,
P001106,0.0765028808,5,NEGAR,,,
P001107,0.0510495255,7,APROVAR,0.0250000000,60,0.1500000000
P001108,0.3103213194,2,NEGAR,,,
P001109,0.0638372528,6,APROVAR,0.0260000000,48,0.2000000000
P001110,0.1586120856,3,NEGAR,,,
P001111,0.2382520566,2,NEGAR,,,
P001112,0.0528621761,7,APROVAR,0.0250000000,60,0.1500000000
P001113,0.1668072638,3,NEGAR,,,
P001114,0.1844102105,3,NEGAR,,,
P001115,0.0787192716,5,NEGAR,,,
P001116,0.0388737082,8,APROVAR,0.0240000000,60,0.1500000000
P001117,0.0721661675,6,APROVAR,0.0260000000,48,0.2000000000
P001118,0.1637735052,3,NEGAR,,,
P001119,0.1723691264,3,NEGAR,,,
P001120,0.0862935772,5,NEGAR,,,
P001121,0.0388640533,8,APROVAR,0.0240000000,60,0.1500000000
P001122,0.2975261994,2,NEGAR,,,
P001123,0.1691290473,3,NEGAR,,,
P001124,0.1187449511,4,NEGAR,,,
P001125,0.0413976354,8,APROVAR,0.0240000000,60,0.1500000000
P001126,0.0439865148,8,APROVAR,0.0240000000,60,0.1500000000
P001127,0.0340115139,9,APROVAR,0.0230000000,60,0.1000000000
P001128,0.0755335944,5,NEGAR,,,
P001129,0.3699742342,1,NEGAR,,,
P001130,0.0323890425,9,APROVAR,0.0230000000,60,0.1000000000
P001131,0.2303230695,2,NEGAR,,,
P001132,0.2533101890,2,NEGAR,,,
P001133,0.2564951786,2,NEGAR,,,
P001134,0.2606270849,2,NEGAR,,,
P001135,0.0356643455,8,APROVAR,0.0240000000,60,0.1500000000
P001136,0.2842365089,2,NEGAR,,,
P001137,0.0204530513,9,APROVAR,0.0230000000,60,0.1000000000
P001138,0.0277634853,9,APROVAR,0.0230000000,60,0.1000000000
P001139,0.0799495510,5,NEGAR,,,
P001140,0.0677430553,6,APROVAR,0.0260000000,48,0.2000000000
P001141,0.0523810728,7,APROVAR,0.0250000000,60,0.1500000000
P001142,0.0662847445,6,APROVAR,0.0260000000,48,0.2000000000
P001143,0.0407267391,8,APROVAR,0.0240000000,60,0.1500000000
P001144,0.4189539801,1,NEGAR,,,
P001145,0.0539845020,7,APROVAR,0.0250000000,60,0.1500000000
P001146,0.1118662701,4,NEGAR,,,
P001147,0.1853127954,3,NEGAR,,,
P001148,0.1930099431,3,NEGAR,,,
P001149,0.0352716290,8,APROVAR,0.0240000000,60,0.1500000000
P001150,0.0261046166,9,APROVAR,0.0230000000,60,0.1000000000
P001151,0.1742191380,3,NEGAR,,,
P001152,0.2371372388,2,NEGAR,,,
P001153,0.0607067279,6,APROVAR,0.0260000000,48,0.2000000000
P001154,0.1247260967,4,NEGAR,,,
P001155,0.1583958281,3,NEGAR,,,
P001156,0.0944103517,5,NEGAR,,,
P001157,0.3182258573,2,NEGAR,,,
P001158,0.0814647491,5,NEGAR,,,
P001159,0.0451530647,8,APROVAR,0.0240000000,60,0.1500000000
P001160,0.1609256238,3,NEGAR,,,
P001161,0.2585559358,2,NEGAR,,,
P001162,0.0394254411,8,APROVAR,0.0240000000,60,0.1500000000
P001163,0.1552386703,3,NEGAR,,,
P001164,0.1798966901,3,NEGAR,,,
P001165,0.1187820466,4,NEGAR,,,
P001166,0.0575256256,7,APROVAR,0.0250000000,60,0.1500000000
P001167,0.2839904886,2,NEGAR,,,
P001168,0.0366362651,8,APROVAR,0.0240000000,60,0.1500000000
P001169,0.5081253489,1,NEGAR,,,
P001170,0.0240688489,9,APROVAR,0.0230000000,60,0.1000000000
P001171,0.0613295283,6,APROVAR,0.0260000000,48,0.2000000000
P001172,0.1838547301,3,NEGAR,,,
P001173,0.0219383169,9,APROVAR,0.0230000000,60,0.1000000000
P001174,0.0531990330,7,APROVAR,0.0250000000,60,0.1500000000
P001175,0.0899639317,5,NEGAR,,,
P001176,0.1507578673,3,NEGAR,,,
P001177,0.0477562512,8,APROVAR,0.0240000000,60,0.1500000000
P001178,0.0751210601,5,NEGAR,,,
P001179,0.0821965545,5,NEGAR,,,
P001180,0.1526204909,3,NEGAR,,,
P001181,0.0665418060,6,APROVAR,0.0260000000,48,0.2000000000
P001182,0.0348534356,9,APROVAR,0.0230000000,60,0.1000000000
P001183,0.0366786887,8,APROVAR,0.0240000000,60,0.1500000000
P001184,0.1917555445,3,NEGAR,,,
P001185,0.1055751104,4,NEGAR,,,
P001186,0.0857641576,5,NEGAR,,,
P001187,0.2983228563,2,NEGAR,,,
P001188,0.0481279396,8,APROVAR,0.0240000000,60,0.1500000000
P001189,0.3736207884,1,NEGAR,,,
P001190,0.1103473544,4,NEGAR,,,
P001191,0.1341829601,4,NEGAR,,,
P001192,0.0746566831,6,APROVAR,0.0260000000,48,0.2000000000
P001193,0.4251319046,1,NEGAR,,,
P001194,0.0603073517,6,APROVAR,0.0260000000,48,0.2000000000
P001195,0.0564984239,7,APROVAR,0.0250000000,60,0.1500000000
P001196,0.0543369655,7,APROVAR,0.0250000000,60,0.1500000000
P001197,0.0497181220,8,APROVAR,0.0240000000,60,0.1500000000
P001198,0.1602836513,3,NEGAR,,,
P001199,0.0584070643,7,APROVAR,0.0250000000,60,0.1500000000
P001200,0.0275281852,9,APROVAR,0.0230000000,60,0.1000000000
P001201,0.2448338880,2,NEGAR,,,
P001202,0.0334687883,9,APROVAR,0.0230000000,60,0.1000000000
P001203,0.2740379214,2,NEGAR,,,
P001204,0.0305689940,9,APROVAR,0.0230000000,60,0.1000000000
P001205,0.3781991992,1,NEGAR,,,
P001206,0.3154605919,2,NEGAR,,,
P001207,0.0818957350,5,NEGAR,,,
P001208,0.4620475030,1,NEGAR,,,
P001209,0.0452395234,8,APROVAR,0.0240000000,60,0.1500000000
P001210,0.1127273507,4,NEGAR,,,
P001211,0.0183382912,10,APROVAR,0.0225000000,60,0.1000000000
P001212,0.0328011239,9,APROVAR,0.0230000000,60,0.1000000000
P001213,0.1499522413,4,NEGAR,,,
P001214,0.1503074334,3,NEGAR,,,
P001215,0.0356297484,8,APROVAR,0.0240000000,60,0.1500000000
P001216,0.3702913823,1,NEGAR,,,
P001217,0.2997104114,2,NEGAR,,,
P001218,0.3806031622,1,NEGAR,,,
P001219,0.0533873475,7,APROVAR,0.0250000000,60,0.1500000000
P001220,0.0865887963,5,NEGAR,,,
P001221,0.2008095704,3,NEGAR,,,
P001222,0.0779008874,5,NEGAR,,,
P001223,0.3666283627,1,NEGAR,,,
P001224,0.3715121537,1,NEGAR,,,
P001225,0.0414878585,8,APROVAR,0.0240000000,60,0.1500000000
P001226,0.0744702990,6,APROVAR,0.0260000000,48,0.2000000000
P001227,0.0797621415,5,NEGAR,,,
P001228,0.2111219253,3,NEGAR,,,
P001229,0.1013244728,4,NEGAR,,,
P001230,0.1989160378,3,NEGAR,,,
P001231,0.0206888914,9,APROVAR,0.0230000000,60,0.1000000000
P001232,0.2374469103,2,NEGAR,,,
P001233,0.0694498123,6,APROVAR,0.0260000000,48,0.2000000000
P001234,0.0784156359,5,NEGAR,,,
P001235,0.2191259555,3,NEGAR,,,
P001236,0.0397458585,8,APROVAR,0.0240000000,60,0.1500000000
P001237,0.0341122825,9,APROVAR,0.0230000000,60,0.1000000000
P001238,0.3198465582,2,NEGAR,,,
P001239,0.0375060348,8,APROVAR,0.0240000000,60,0.1500000000
P001240,0.1040111863,4,NEGAR,,,
P001241,0.0434380301,8,APROVAR,0.0240000000,60,0.1500000000
P001242,0.3777276992,1,NEGAR,,,
P001243,0.1110705347,4,NEGAR,,,
P001244,0.0384984774,8,APROVAR,0.0240000000,60,0.1500000000
P001245,0.1402937920,4,NEGAR,,,
P001246,0.2574072505,2,NEGAR,,,
P001247,0.0766797722,5,NEGAR,,,
P001248,0.0757514441,5,NEGAR,,,
P001249,0.0479734801,8,APROVAR,0.0240000000,60,0.1500000000
P001250,0.0525201618,7,APROVAR,0.0250000000,60,0.1500000000
P001251,0.0340404097,9,APROVAR,0.0230000000,60,0.1000000000
P001252,0.0335223344,9,APROVAR,0.0230000000,60,0.1000000000
P001253,0.1585797602,3,NEGAR,,,
P001254,0.1296678192,4,NEGAR,,,
P001255,0.0870847428,5,NEGAR,,,
P001256,0.0193412390,10,APROVAR,0.0225000000,60,0.1000000000
P001257,0.0302234684,9,APROVAR,0.0230000000,60,0.1000000000
P001258,0.1992995883,3,NEGAR,,,
P001259,0.3340280665,2,NEGAR,,,
P001260,0.0688862810,6,APROVAR,0.0260000000,48,0.2000000000
P001261,0.0472227034,8,APROVAR,0.0240000000,60,0.1500000000
P001262,0.1050277265,4,NEGAR,,,
P001263,0.0583420461,7,APROVAR,0.0250000000,60,0.1500000000
P001264,0.0177892215,10,APROVAR,0.0225000000,60,0.1000000000
P001265,0.2017842366,3,NEGAR,,,
P001266,0.2839818805,2,NEGAR,,,
P001267,0.2073385318,3,NEGAR,,,
P001268,0.3018021305,2,NEGAR,,,
P001269,0.0781753585,5,NEGAR,,,
P001270,0.1711721159,3,NEGAR,,,
P001271,0.0414075851,8,APROVAR,0.0240000000,60,0.1500000000
P001272,0.1815912503,3,NEGAR,,,
P001273,0.0744110786,6,APROVAR,0.0260000000,48,0.2000000000
P001274,0.1575093593,3,NEGAR,,,
P001275,0.0979341658,5,NEGAR,,,
P001276,0.0317034029,9,APROVAR,0.0230000000,60,0.1000000000
P001277,0.1150187855,4,NEGAR,,,
P001278,0.2352919639,2,NEGAR,,,
P001279,0.0461565642,8,APROVAR,0.0240000000,60,0.1500000000
P001280,0.2548617362,2,NEGAR,,,
P001281,0.4732127261,1,NEGAR,,,
P001282,0.0331411356,9,APROVAR,0.0230000000,60,0.1000000000
P001283,0.0285817541,9,APROVAR,0.0230000000,60,0.1000000000
P001284,0.2498452551,2,NEGAR,,,
P001285,0.0374899257,8,APROVAR,0.0240000000,60,0.1500000000
P001286,0.0369757821,8,APROVAR,0.0240000000,60,0.1500000000
P001287,0.1197430689,4,NEGAR,,,
P001288,0.2152843567,3,NEGAR,,,
P001289,0.3393954990,2,NEGAR,,,
P001290,0.0469965259,8,APROVAR,0.0240000000,60,0.1500000000
P001291,0.0568228545,7,APROVAR,0.0250000000,60,0.1500000000
P001292,0.3672618023,1,NEGAR,,,
P001293,0.2287237169,2,NEGAR,,,
P001294,0.1419380253,4,NEGAR,,,
P001295,0.2295726193,2,NEGAR,,,
P001296,0.0447884527,8,APROVAR,0.0240000000,60,0.1500000000
P001297,0.3923180376,1,NEGAR,,,
P001298,0.0387586790,8,APROVAR,0.0240000000,60,0.1500000000
P001299,0.1345626544,4,NEGAR,,,
P001300,0.2936962070,2,NEGAR,,,
P001301,0.2289194163,2,NEGAR,,,
P001302,0.2077925220,3,NEGAR,,,
P001303,0.0845246223,5,NEGAR,,,
P001304,0.0538546850,7,APROVAR,0.0250000000,60,0.1500000000
P001305,0.3862082295,1,NEGAR,,,
P001306,0.1076822857,4,NEGAR,,,
P001307,0.0331788978,9,APROVAR,0.0230000000,60,0.1000000000
P001308,0.0823453831,5,NEGAR,,,
P001309,0.2295048651,2,NEGAR,,,
P001310,0.2608954541,2,NEGAR,,,
P001311,0.2615139754,2,NEGAR,,,
P001312,0.0793343841,5,NEGAR,,,
P001313,0.1689991829,3,NEGAR,,,
P001314,0.0571219447,7,APROVAR,0.0250000000,60,0.1500000000
P001315,0.2165477140,3,NEGAR,,,
P001316,0.0228665921,9,APROVAR,0.0230000000,60,0.1000000000
P001317,0.3259072062,2,NEGAR,,,
P001318,0.2506672672,2,NEGAR,,,
P001319,0.0814928520,5,NEGAR,,,
P001320,0.1884715387,3,NEGAR,,,
P001321,0.1063228223,4,NEGAR,,,
P001322,0.1876023433,3,NEGAR,,,
P001323,0.0235706090,9,APROVAR,0.0230000000,60,0.1000000000
P001324,0.0351753508,8,APROVAR,0.0240000000,60,0.1500000000
P001325,0.1774369028,3,NEGAR,,,
P001326,0.0559874118,7,APROVAR,0.0250000000,60,0.1500000000
P001327,0.0544080656,7,APROVAR,0.0250000000,60,0.1500000000
P001328,0.0364362315,8,APROVAR,0.0240000000,60,0.1500000000
P001329,0.0200607758,9,APROVAR,0.0230000000,60,0.1000000000
P001330,0.2319724830,2,NEGAR,,,
P001331,0.0646476461,6,APROVAR,0.0260000000,48,0.2000000000
P001332,0.0381837947,8,APROVAR,0.0240000000,60,0.1500000000
P001333,0.3762605722,1,NEGAR,,,
P001334,0.0882205316,5,NEGAR,,,
P001335,0.0558583284,7,APROVAR,0.0250000000,60,0.1500000000
P001336,0.1974333951,3,NEGAR,,,
P001337,0.0745001326,6,APROVAR,0.0260000000,48,0.2000000000
P001338,0.0630186389,6,APROVAR,0.0260000000,48,0.2000000000
P001339,0.0591754095,7,APROVAR,0.0250000000,60,0.1500000000
P001340,0.3262053765,2,NEGAR,,,
P001341,0.2286784651,2,NEGAR,,,
P001342,0.2068439700,3,NEGAR,,,
P001343,0.0621597283,6,APROVAR,0.0260000000,48,0.2000000000
P001344,0.1102497432,4,NEGAR,,,
P001345,0.0280005009,9,APROVAR,0.0230000000,60,0.1000000000
P001346,0.0417555403,8,APROVAR,0.0240000000,60,0.1500000000
P001347,0.2770185061,2,NEGAR,,,
P001348,0.2041016438,3,NEGAR,,,
P001349,0.0209908637,9,APROVAR,0.0230000000,60,0.1000000000
P001350,0.1603104433,3,NEGAR,,,
P001351,0.0590493019,7,APROVAR,0.0250000000,60,0.1500000000
P001352,0.0556410646,7,APROVAR,0.0250000000,60,0.1500000000
P001353,0.0284484809,9,APROVAR,0.0230000000,60,0.1000000000
P001354,0.0591533353,7,APROVAR,0.0250000000,60,0.1500000000
P001355,0.1046705660,4,NEGAR,,,
P001356,0.4166650979,1,NEGAR,,,
P001357,0.3971985763,1,NEGAR,,,
P001358,0.4261723037,1,NEGAR,,,
P001359,0.2216158114,2,NEGAR,,,
P001360,0.3794606613,1,NEGAR,,,
P001361,0.1386869945,4,NEGAR,,,
P001362,0.2096500030,3,NEGAR,,,
P001363,0.0279394266,9,APROVAR,0.0230000000,60,0.1000000000
P001364,0.0446434475,8,APROVAR,0.0240000000,60,0.1500000000
P001365,0.0447520721,8,APROVAR,0.0240000000,60,0.1500000000
P001366,0.0214642957,9,APROVAR,0.0230000000,60,0.1000000000
P001367,0.0249431728,9,APROVAR,0.0230000000,60,0.1000000000
P001368,0.0802551346,5,NEGAR,,,
P001369,0.3688423891,1,NEGAR,,,
P001370,0.4634224803,1,NEGAR,,,
P001371,0.1939089297,3,NEGAR,,,
P001372,0.2039956545,3,NEGAR,,,
P001373,0.2617027455,2,NEGAR,,,
P001374,0.1989251583,3,NEGAR,,,
P001375,0.0384433741,8,APROVAR,0.0240000000,60,0.1500000000
P001376,0.2892583349,2,NEGAR,,,
P001377,0.0462575958,8,APROVAR,0.0240000000,60,0.1500000000
P001378,0.1012631716,4,NEGAR,,,
P001379,0.1181025155,4,NEGAR,,,
P001380,0.0590928515,7,APROVAR,0.0250000000,60,0.1500000000
P001381,0.0265438163,9,APROVAR,0.0230000000,60,0.1000000000
P001382,0.1626714322,3,NEGAR,,,
P001383,0.2963785552,2,NEGAR,,,
P001384,0.3191623806,2,NEGAR,,,
P001385,0.1181561654,4,NEGAR,,,
P001386,0.0314677020,9,APROVAR,0.0230000000,60,0.1000000000
P001387,0.1815142845,3,NEGAR,,,
P001388,0.0515848048,7,APROVAR,0.0250000000,60,0.1500000000
P001389,0.1863907551,3,NEGAR,,,
P001390,0.1394878018,4,NEGAR,,,
P001391,0.1664866353,3,NEGAR,,,
P001392,0.2673186380,2,NEGAR,,,
P001393,0.1742336315,3,NEGAR,,,
P001394,0.0460948242,8,APROVAR,0.0240000000,60,0.1500000000
P001395,0.0328450749,9,APROVAR,0.0230000000,60,0.1000000000
P001396,0.0780752760,5,NEGAR,,,
P001397,0.0613347115,6,APROVAR,0.0260000000,48,0.2000000000
P001398,0.3007391930,2,NEGAR,,,
P001399,0.2083205757,3,NEGAR,,,
P001400,0.0772783451,5,NEGAR,,,
P001401,0.0444602131,8,APROVAR,0.0240000000,60,0.1500000000
P001402,0.1544377859,3,NEGAR,,,
P001403,0.0591735623,7,APROVAR,0.0250000000,60,0.1500000000
P001404,0.0684800372,6,APROVAR,0.0260000000,48,0.2000000000
P001405,0.2676623760,2,NEGAR,,,
P001406,0.0184024570,10,APROVAR,0.0225000000,60,0.1000000000
P001407,0.3795227619,1,NEGAR,,,
P001408,0.0531221699,7,APROVAR,0.0250000000,60,0.1500000000
P001409,0.2336397984,2,NEGAR,,,
P001410,0.0586565645,7,APROVAR,0.0250000000,60,0.1500000000
P001411,0.0422413837,8,APROVAR,0.0240000000,60,0.1500000000
P001412,0.0227799643,9,APROVAR,0.0230000000,60,0.1000000000
P001413,0.2341115066,2,NEGAR,,,
P001414,0.0943252679,5,NEGAR,,,
P001415,0.0459358646,8,APROVAR,0.0240000000,60,0.1500000000
P001416,0.0567454216,7,APROVAR,0.0250000000,60,0.1500000000
P001417,0.2162843830,3,NEGAR,,,
P001418,0.0829634154,5,NEGAR,,,
P001419,0.0292814142,9,APROVAR,0.0230000000,60,0.1000000000
P001420,0.0634874536,6,APROVAR,0.0260000000,48,0.2000000000
P001421,0.0511634103,7,APROVAR,0.0250000000,60,0.1500000000
P001422,0.1520619394,3,NEGAR,,,
P001423,0.2016878102,3,NEGAR,,,
P001424,0.1410591108,4,NEGAR,,,
P001425,0.0370276037,8,APROVAR,0.0240000000,60,0.1500000000
P001426,0.0428693835,8,APROVAR,0.0240000000,60,0.1500000000
P001427,0.2523143338,2,NEGAR,,,
P001428,0.2666018379,2,NEGAR,,,
P001429,0.0766862032,5,NEGAR,,,
P001430,0.1022783568,4,NEGAR,,,
P001431,0.0501082097,7,APROVAR,0.0250000000,60,0.1500000000
P001432,0.2602715058,2,NEGAR,,,
P001433,0.0315396529,9,APROVAR,0.0230000000,60,0.1000000000
P001434,0.2469020066,2,NEGAR,,,
P001435,0.0420870228,8,APROVAR,0.0240000000,60,0.1500000000
P001436,0.0288524962,9,APROVAR,0.0230000000,60,0.1000000000
P001437,0.2060265029,3,NEGAR,,,
P001438,0.0327408170,9,APROVAR,0.0230000000,60,0.1000000000
P001439,0.0202708978,9,APROVAR,0.0230000000,60,0.1000000000
P001440,0.0523931077,7,APROVAR,0.0250000000,60,0.1500000000
P001441,0.1047034689,4,NEGAR,,,
P001442,0.1434158579,4,NEGAR,,,
P001443,0.0540777558,7,APROVAR,0.0250000000,60,0.1500000000
P001444,0.0676367091,6,APROVAR,0.0260000000,48,0.2000000000
P001445,0.0744957179,6,APROVAR,0.0260000000,48,0.2000000000
P001446,0.1377612704,4,NEGAR,,,
P001447,0.3358558781,2,NEGAR,,,
P001448,0.1033778338,4,NEGAR,,,
P001449,0.3085412023,2,NEGAR,,,
P001450,0.0627993096,6,APROVAR,0.0260000000,48,0.2000000000
P001451,0.2163683968,3,NEGAR,,,
P001452,0.3467603100,2,NEGAR,,,
P001453,0.0342775659,9,APROVAR,0.0230000000,60,0.1000000000
P001454,0.0360439772,8,APROVAR,0.0240000000,60,0.1500000000
P001455,0.0280227825,9,APROVAR,0.0230000000,60,0.1000000000
P001456,0.1359433537,4,NEGAR,,,
P001457,0.0320431036,9,APROVAR,0.0230000000,60,0.1000000000
P001458,0.1841868117,3,NEGAR,,,
P001459,0.3234756643,2,NEGAR,,,
P001460,0.2654148244,2,NEGAR,,,
P001461,0.0632227788,6,APROVAR,0.0260000000,48,0.2000000000
P001462,0.2753282762,2,NEGAR,,,
P001463,0.0359102813,8,APROVAR,0.0240000000,60,0.1500000000
P001464,0.2762727864,2,NEGAR,,,
P001465,0.2216177856,2,NEGAR,,,
P001466,0.0373291312,8,APROVAR,0.0240000000,60,0.1500000000
P001467,0.0397888795,8,APROVAR,0.0240000000,60,0.1500000000
P001468,0.0277907259,9,APROVAR,0.0230000000,60,0.1000000000
P001469,0.0692699966,6,APROVAR,0.0260000000,48,0.2000000000
P001470,0.2929888856,2,NEGAR,,,
P001471,0.1962623535,3,NEGAR,,,
P001472,0.0625036735,6,APROVAR,0.0260000000,48,0.2000000000
P001473,0.0439742706,8,APROVAR,0.0240000000,60,0.1500000000
P001474,0.0383514780,8,APROVAR,0.0240000000,60,0.1500000000
P001475,0.1841417476,3,NEGAR,,,
P001476,0.0289447328,9,APROVAR,0.0230000000,60,0.1000000000
P001477,0.0390484682,8,APROVAR,0.0240000000,60,0.1500000000
P001478,0.3563444459,1,NEGAR,,,
P001479,0.0915525194,5,NEGAR,,,
P001480,0.2254850953,2,NEGAR,,,
P001481,0.2871309908,2,NEGAR,,,
P001482,0.0550537842,7,APROVAR,0.0250000000,60,0.1500000000
P001483,0.0355712339,8,APROVAR,0.0240000000,60,0.1500000000
P001484,0.1440796457,4,NEGAR,,,
P001485,0.0997183020,5,NEGAR,,,
P001486,0.0413193932,8,APROVAR,0.0240000000,60,0.1500000000
P001487,0.0564740205,7,APROVAR,0.0250000000,60,0.1500000000
P001488,0.1029618353,4,NEGAR,,,
P001489,0.0796709205,5,NEGAR,,,
P001490,0.0846591969,5,NEGAR,,,
P001491,0.0324687713,9,APROVAR,0.0230000000,60,0.1000000000
P001492,0.0389363670,8,APROVAR,0.0240000000,60,0.1500000000
P001493,0.1656986387,3,NEGAR,,,
P001494,0.0466133563,8,APROVAR,0.0240000000,60,0.1500000000
P001495,0.0376800346,8,APROVAR,0.0240000000,60,0.1500000000
P001496,0.0507278559,7,APROVAR,0.0250000000,60,0.1500000000
P001497,0.0517204990,7,APROVAR,0.0250000000,60,0.1500000000
P001498,0.0938694050,5,NEGAR,,,
P001499,0.0659993085,6,APROVAR,0.0260000000,48,0.2000000000
P001500,0.0543312160,7,APROVAR,0.0250000000,60,0.1500000000
P001501,0.0435898375,8,APROVAR,0.0240000000,60,0.1500000000
P001502,0.0611659798,6,APROVAR,0.0260000000,48,0.2000000000
P001503,0.0538033384,7,APROVAR,0.0250000000,60,0.1500000000
P001504,0.3323727545,2,NEGAR,,,
P001505,0.1364709620,4,NEGAR,,,
P001506,0.0829869882,5,NEGAR,,,
P001507,0.0580080144,7,APROVAR,0.0250000000,60,0.1500000000
P001508,0.0254004917,9,APROVAR,0.0230000000,60,0.1000000000
P001509,0.1144646264,4,NEGAR,,,
P001510,0.4171950522,1,NEGAR,,,
P001511,0.0750374539,5,NEGAR,,,
P001512,0.0291954017,9,APROVAR,0.0230000000,60,0.1000000000
P001513,0.2246440106,2,NEGAR,,,
P001514,0.2517273588,2,NEGAR,,,
P001515,0.1402154641,4,NEGAR,,,
P001516,0.2623816202,2,NEGAR,,,
P001517,0.0852929812,5,NEGAR,,,
P001518,0.3267447636,2,NEGAR,,,
P001519,0.0831980011,5,NEGAR,,,
P001520,0.1687040629,3,NEGAR,,,
P001521,0.0218563777,9,APROVAR,0.0230000000,60,0.1000000000
P001522,0.1612238441,3,NEGAR,,,
P001523,0.0385498593,8,APROVAR,0.0240000000,60,0.1500000000
P001524,0.0267322272,9,APROVAR,0.0230000000,60,0.1000000000
P001525,0.0983571101,5,NEGAR,,,
P001526,0.2123935997,3,NEGAR,,,
P001527,0.4628677750,1,NEGAR,,,
P001528,0.2005021856,3,NEGAR,,,
P001529,0.0355973348,8,APROVAR,0.0240000000,60,0.1500000000
P001530,0.1871559374,3,NEGAR,,,
P001531,0.2225030924,2,NEGAR,,,
P001532,0.0348589429,9,APROVAR,0.0230000000,60,0.1000000000
P001533,0.3244785584,2,NEGAR,,,
P001534,0.2298589733,2,NEGAR,,,
P001535,0.0330462257,9,APROVAR,0.0230000000,60,0.1000000000
P001536,0.0351535565,8,APROVAR,0.0240000000,60,0.1500000000
P001537,0.3740243786,1,NEGAR,,,
P001538,0.0711083244,6,APROVAR,0.0260000000,48,0.2000000000
P001539,0.0368199845,8,APROVAR,0.0240000000,60,0.1500000000
P001540,0.0303526485,9,APROVAR,0.0230000000,60,0.1000000000
P001541,0.0399358490,8,APROVAR,0.0240000000,60,0.1500000000
P001542,0.1098909110,4,NEGAR,,,
P001543,0.0412250841,8,APROVAR,0.0240000000,60,0.1500000000
P001544,0.4057104954,1,NEGAR,,,
P001545,0.0319112731,9,APROVAR,0.0230000000,60,0.1000000000
P001546,0.0415784582,8,APROVAR,0.0240000000,60,0.1500000000
P001547,0.1298825324,4,NEGAR,,,
P001548,0.0862941160,5,NEGAR,,,
P001549,0.0540333459,7,APROVAR,0.0250000000,60,0.1500000000
P001550,0.3302122742,2,NEGAR,,,
P001551,0.0289119251,9,APROVAR,0.0230000000,60,0.1000000000
P001552,0.0466894765,8,APROVAR,0.0240000000,60,0.1500000000
P001553,0.0437172784,8,APROVAR,0.0240000000,60,0.1500000000
P001554,0.0435345085,8,APROVAR,0.0240000000,60,0.1500000000
P001555,0.1107743703,4,NEGAR,,,
P001556,0.0589516803,7,APROVAR,0.0250000000,60,0.1500000000
P001557,0.2400189178,2,NEGAR,,,
P001558,0.1131537549,4,NEGAR,,,
P001559,0.0647578276,6,APROVAR,0.0260000000,48,0.2000000000
P001560,0.1313453097,4,NEGAR,,,
P001561,0.0311376524,9,APROVAR,0.0230000000,60,0.1000000000
P001562,0.1772679080,3,NEGAR,,,
P001563,0.0434296282,8,APROVAR,0.0240000000,60,0.1500000000
P001564,0.3560095105,1,NEGAR,,,
P001565,0.3680903836,1,NEGAR,,,
P001566,0.0391655624,8,APROVAR,0.0240000000,60,0.1500000000
P001567,0.0555088384,7,APROVAR,0.0250000000,60,0.1500000000
P001568,0.0318576089,9,APROVAR,0.0230000000,60,0.1000000000
P001569,0.0294648866,9,APROVAR,0.0230000000,60,0.1000000000
P001570,0.0267239981,9,APROVAR,0.0230000000,60,0.1000000000
P001571,0.2806784014,2,NEGAR,,,
P001572,0.0498981793,8,APROVAR,0.0240000000,60,0.1500000000
P001573,0.0736920324,6,APROVAR,0.0260000000,48,0.2000000000
P001574,0.0914704496,5,NEGAR,,,
P001575,0.0253535423,9,APROVAR,0.0230000000,60,0.1000000000
P001576,0.0230529377,9,APROVAR,0.0230000000,60,0.1000000000
P001577,0.0831733008,5,NEGAR,,,
P001578,0.0929151062,5,NEGAR,,,
P001579,0.0263118085,9,APROVAR,0.0230000000,60,0.1000000000
P001580,0.0577999415,7,APROVAR,0.0250000000,60,0.1500000000
P001581,0.0730129401,6,APROVAR,0.0260000000,48,0.2000000000
P001582,0.2090751398,3,NEGAR,,,
P001583,0.1847126467,3,NEGAR,,,
P001584,0.0409607473,8,APROVAR,0.0240000000,60,0.1500000000
P001585,0.0349165030,9,APROVAR,0.0230000000,60,0.1000000000
P001586,0.2275701188,2,NEGAR,,,
P001587,0.0435663001,8,APROVAR,0.0240000000,60,0.1500000000
P001588,0.2619939361,2,NEGAR,,,
P001589,0.2073047005,3,NEGAR,,,
P001590,0.1812720466,3,NEGAR,,,
P001591,0.2469004666,2,NEGAR,,,
P001592,0.0433510688,8,APROVAR,0.0240000000,60,0.1500000000
P001593,0.0388386354,8,APROVAR,0.0240000000,60,0.1500000000
P001594,0.0371209882,8,APROVAR,0.0240000000,60,0.1500000000
P001595,0.3548693547,1,NEGAR,,,
P001596,0.0308380895,9,APROVAR,0.0230000000,60,0.1000000000
P001597,0.1102171250,4,NEGAR,,,
P001598,0.0366422916,8,APROVAR,0.0240000000,60,0.1500000000
P001599,0.1251737213,4,NEGAR,,,
P001600,0.0304439384,9,APROVAR,0.0230000000,60,0.1000000000
P001601,0.3726772364,1,NEGAR,,,
P001602,0.2712101591,2,NEGAR,,,
P001603,0.0294386219,9,APROVAR,0.0230000000,60,0.1000000000
P001604,0.3110749454,2,NEGAR,,,
P001605,0.0337331297,9,APROVAR,0.0230000000,60,0.1000000000
P001606,0.1989466540,3,NEGAR,,,
P001607,0.0703196051,6,APROVAR,0.0260000000,48,0.2000000000
P001608,0.1071499371,4,NEGAR,,,
P001609,0.0235025457,9,APROVAR,0.0230000000,60,0.1000000000
P001610,0.0632500200,6,APROVAR,0.0260000000,48,0.2000000000
P001611,0.0297744644,9,APROVAR,0.0230000000,60,0.1000000000
P001612,0.0651293226,6,APROVAR,0.0260000000,48,0.2000000000
P001613,0.0471552897,8,APROVAR,0.0240000000,60,0.1500000000
P001614,0.2838075094,2,NEGAR,,,
P001615,0.0315916489,9,APROVAR,0.0230000000,60,0.1000000000
P001616,0.2247260249,2,NEGAR,,,
P001617,0.3623278263,1,NEGAR,,,
P001618,0.1783189219,3,NEGAR,,,
P001619,0.0541251308,7,APROVAR,0.0250000000,60,0.1500000000
P001620,0.0441377678,8,APROVAR,0.0240000000,60,0.1500000000
P001621,0.2276045376,2,NEGAR,,,
P001622,0.3120807616,2,NEGAR,,,
P001623,0.0785862173,5,NEGAR,,,
P001624,0.2243228725,2,NEGAR,,,
P001625,0.0566754399,7,APROVAR,0.0250000000,60,0.1500000000
P001626,0.0341649862,9,APROVAR,0.0230000000,60,0.1000000000
P001627,0.1312015922,4,NEGAR,,,
P001628,0.4974710234,1,NEGAR,,,
P001629,0.0656461212,6,APROVAR,0.0260000000,48,0.2000000000
P001630,0.1526828478,3,NEGAR,,,
P001631,0.0991746050,5,NEGAR,,,
P001632,0.2858251736,2,NEGAR,,,
P001633,0.4324726689,1,NEGAR,,,
P001634,0.0593234122,7,APROVAR,0.0250000000,60,0.1500000000
P001635,0.2411798601,2,NEGAR,,,
P001636,0.0575648766,7,APROVAR,0.0250000000,60,0.1500000000
P001637,0.1269193550,4,NEGAR,,,
P001638,0.0587376763,7,APROVAR,0.0250000000,60,0.1500000000
P001639,0.0270618243,9,APROVAR,0.0230000000,60,0.1000000000
P001640,0.0381131631,8,APROVAR,0.0240000000,60,0.1500000000
P001641,0.1284061431,4,NEGAR,,,
P001642,0.0261018856,9,APROVAR,0.0230000000,60,0.1000000000
P001643,0.0265575023,9,APROVAR,0.0230000000,60,0.1000000000
P001644,0.0349490044,9,APROVAR,0.0230000000,60,0.1000000000
P001645,0.1000755955,4,NEGAR,,,
P001646,0.1012291105,4,NEGAR,,,
P001647,0.0928406653,5,NEGAR,,,
P001648,0.0292105681,9,APROVAR,0.0230000000,60,0.1000000000
P001649,0.0492689291,8,APROVAR,0.0240000000,60,0.1500000000
P001650,0.1256450271,4,NEGAR,,,
P001651,0.0810196991,5,NEGAR,,,
P001652,0.1888395963,3,NEGAR,,,
P001653,0.0333458616,9,APROVAR,0.0230000000,60,0.1000000000
P001654,0.0476764548,8,APROVAR,0.0240000000,60,0.1500000000
P001655,0.0612788130,6,APROVAR,0.0260000000,48,0.2000000000
P001656,0.0306834477,9,APROVAR,0.0230000000,60,0.1000000000
P001657,0.2276978034,2,NEGAR,,,
P001658,0.0435743597,8,APROVAR,0.0240000000,60,0.1500000000
P001659,0.2443870626,2,NEGAR,,,
P001660,0.0628123499,6,APROVAR,0.0260000000,48,0.2000000000
P001661,0.7377131590,1,NEGAR,,,
P001662,0.0459376670,8,APROVAR,0.0240000000,60,0.1500000000
P001663,0.0423201002,8,APROVAR,0.0240000000,60,0.1500000000
P001664,0.0480371994,8,APROVAR,0.0240000000,60,0.1500000000
P001665,0.0446228302,8,APROVAR,0.0240000000,60,0.1500000000
P001666,0.0933409774,5,NEGAR,,,
P001667,0.3443996802,2,NEGAR,,,
P001668,0.0469171054,8,APROVAR,0.0240000000,60,0.1500000000
P001669,0.3534746774,1,NEGAR,,,
P001670,0.2863412645,2,NEGAR,,,
P001671,0.0414290710,8,APROVAR,0.0240000000,60,0.1500000000
P001672,0.1383683313,4,NEGAR,,,
P001673,0.2111046339,3,NEGAR,,,
P001674,0.0483872538,8,APROVAR,0.0240000000,60,0.1500000000
P001675,0.3535597521,1,NEGAR,,,
P001676,0.2188022775,3,NEGAR,,,
P001677,0.1660165529,3,NEGAR,,,
P001678,0.1194835794,4,NEGAR,,,
P001679,0.2995386527,2,NEGAR,,,
P001680,0.0553290601,7,APROVAR,0.0250000000,60,0.1500000000
P001681,0.0448289101,8,APROVAR,0.0240000000,60,0.1500000000
P001682,0.2476838980,2,NEGAR,,,
P001683,0.2201553836,2,NEGAR,,,
P001684,0.0258032316,9,APROVAR,0.0230000000,60,0.1000000000
P001685,0.0628966784,6,APROVAR,0.0260000000,48,0.2000000000
P001686,0.2897622287,2,NEGAR,,,
P001687,0.0366553778,8,APROVAR,0.0240000000,60,0.1500000000
P001688,0.1467651050,4,NEGAR,,,
P001689,0.0483907553,8,APROVAR,0.0240000000,60,0.1500000000
P001690,0.2589092881,2,NEGAR,,,
P001691,0.1713472766,3,NEGAR,,,
P001692,0.1623522263,3,NEGAR,,,
P001693,0.0460397562,8,APROVAR,0.0240000000,60,0.1500000000
P001694,0.0551016719,7,APROVAR,0.0250000000,60,0.1500000000
P001695,0.0904137828,5,NEGAR,,,
P001696,0.0965107980,5,NEGAR,,,
P001697,0.0866142451,5,NEGAR,,,
P001698,0.1943097182,3,NEGAR,,,
P001699,0.2179659995,3,NEGAR,,,
P001700,0.3666480783,1,NEGAR,,,
P001701,0.0346003221,9,APROVAR,0.0230000000,60,0.1000000000
P001702,0.0437316168,8,APROVAR,0.0240000000,60,0.1500000000
P001703,0.0532189614,7,APROVAR,0.0250000000,60,0.1500000000
P001704,0.0773652665,5,NEGAR,,,
P001705,0.2339644411,2,NEGAR,,,
P001706,0.0510556506,7,APROVAR,0.0250000000,60,0.1500000000
P001707,0.0666547278,6,APROVAR,0.0260000000,48,0.2000000000
P001708,0.0217998155,9,APROVAR,0.0230000000,60,0.1000000000
P001709,0.3323726395,2,NEGAR,,,
P001710,0.0295685872,9,APROVAR,0.0230000000,60,0.1000000000
P001711,0.0317184974,9,APROVAR,0.0230000000,60,0.1000000000
P001712,0.2207195878,2,NEGAR,,,
P001713,0.1711225318,3,NEGAR,,,
P001714,0.0624824506,6,APROVAR,0.0260000000,48,0.2000000000
P001715,0.0563385621,7,APROVAR,0.0250000000,60,0.1500000000
P001716,0.2702900582,2,NEGAR,,,
P001717,0.0550965335,7,APROVAR,0.0250000000,60,0.1500000000
P001718,0.1181689549,4,NEGAR,,,
P001719,0.1030079568,4,NEGAR,,,
P001720,0.0401080679,8,APROVAR,0.0240000000,60,0.1500000000
P001721,0.0906198517,5,NEGAR,,,
P001722,0.0946984668,5,NEGAR,,,
P001723,0.1987113630,3,NEGAR,,,
P001724,0.0464636287,8,APROVAR,0.0240000000,60,0.1500000000
P001725,0.0760426071,5,NEGAR,,,
P001726,0.0368423137,8,APROVAR,0.0240000000,60,0.1500000000
P001727,0.0597863325,7,APROVAR,0.0250000000,60,0.1500000000
P001728,0.0549166126,7,APROVAR,0.0250000000,60,0.1500000000
P001729,0.0355299450,8,APROVAR,0.0240000000,60,0.1500000000
P001730,0.0830092710,5,NEGAR,,,
P001731,0.3995005257,1,NEGAR,,,
P001732,0.0287141630,9,APROVAR,0.0230000000,60,0.1000000000
P001733,0.1370803692,4,NEGAR,,,
P001734,0.0786629477,5,NEGAR,,,
P001735,0.0226811427,9,APROVAR,0.0230000000,60,0.1000000000
P001736,0.0441582005,8,APROVAR,0.0240000000,60,0.1500000000
P001737,0.3399194816,2,NEGAR,,,
P001738,0.0410886258,8,APROVAR,0.0240000000,60,0.1500000000
P001739,0.0248716631,9,APROVAR,0.0230000000,60,0.1000000000
P001740,0.0604366243,6,APROVAR,0.0260000000,48,0.2000000000
P001741,0.1323367337,4,NEGAR,,,
P001742,0.0526122389,7,APROVAR,0.0250000000,60,0.1500000000
P001743,0.2190981651,3,NEGAR,,,
P001744,0.0806071040,5,NEGAR,,,
P001745,0.2320203929,2,NEGAR,,,
P001746,0.1557996348,3,NEGAR,,,
P001747,0.0490123109,8,APROVAR,0.0240000000,60,0.1500000000
P001748,0.0494992721,8,APROVAR,0.0240000000,60,0.1500000000
P001749,0.1948939930,3,NEGAR,,,
P001750,0.0314075475,9,APROVAR,0.0230000000,60,0.1000000000
P001751,0.0927846850,5,NEGAR,,,
P001752,0.1506938639,3,NEGAR,,,
P001753,0.0499953577,8,APROVAR,0.0240000000,60,0.1500000000
P001754,0.3034645590,2,NEGAR,,,
P001755,0.0533753601,7,APROVAR,0.0250000000,60,0.1500000000
P001756,0.4174358365,1,NEGAR,,,
P001757,0.0725964370,6,APROVAR,0.0260000000,48,0.2000000000
P001758,0.3242632654,2,NEGAR,,,
P001759,0.0648225639,6,APROVAR,0.0260000000,48,0.2000000000
P001760,0.0828797505,5,NEGAR,,,
P001761,0.1960466272,3,NEGAR,,,
P001762,0.3948682197,1,NEGAR,,,
P001763,0.3267304844,2,NEGAR,,,
P001764,0.0225025124,9,APROVAR,0.0230000000,60,0.1000000000
P001765,0.0946822448,5,NEGAR,,,
P001766,0.0259960489,9,APROVAR,0.0230000000,60,0.1000000000
P001767,0.0585014533,7,APROVAR,0.0250000000,60,0.1500000000
P001768,0.1617219577,3,NEGAR,,,
P001769,0.0587935244,7,APROVAR,0.0250000000,60,0.1500000000
P001770,0.0378583551,8,APROVAR,0.0240000000,60,0.1500000000
P001771,0.0447862120,8,APROVAR,0.0240000000,60,0.1500000000
P001772,0.1744535606,3,NEGAR,,,
P001773,0.0545931675,7,APROVAR,0.0250000000,60,0.1500000000
P001774,0.0618598029,6,APROVAR,0.0260000000,48,0.2000000000
P001775,0.0350744351,8,APROVAR,0.0240000000,60,0.1500000000
P001776,0.3630840667,1,NEGAR,,,
P001777,0.3048132394,2,NEGAR,,,
P001778,0.0816739590,5,NEGAR,,,
P001779,0.0417937030,8,APROVAR,0.0240000000,60,0.1500000000
P001780,0.0439276367,8,APROVAR,0.0240000000,60,0.1500000000
P001781,0.0471462901,8,APROVAR,0.0240000000,60,0.1500000000
P001782,0.1974490670,3,NEGAR,,,
P001783,0.0580266769,7,APROVAR,0.0250000000,60,0.1500000000
P001784,0.2252451187,2,NEGAR,,,
P001785,0.5519957363,1,NEGAR,,,
P001786,0.0272457646,9,APROVAR,0.0230000000,60,0.1000000000
P001787,0.0657382191,6,APROVAR,0.0260000000,48,0.2000000000
P001788,0.0299576636,9,APROVAR,0.0230000000,60,0.1000000000
P001789,0.0256615357,9,APROVAR,0.0230000000,60,0.1000000000
P001790,0.3525832002,1,NEGAR,,,
P001791,0.0669069499,6,APROVAR,0.0260000000,48,0.2000000000
P001792,0.0480688533,8,APROVAR,0.0240000000,60,0.1500000000
P001793,0.1835685398,3,NEGAR,,,
P001794,0.0419933192,8,APROVAR,0.0240000000,60,0.1500000000
P001795,0.1975743516,3,NEGAR,,,
P001796,0.0587439802,7,APROVAR,0.0250000000,60,0.1500000000
P001797,0.2371089983,2,NEGAR,,,
P001798,0.2296674865,2,NEGAR,,,
P001799,0.0350968309,8,APROVAR,0.0240000000,60,0.1500000000
P001800,0.0619202789,6,APROVAR,0.0260000000,48,0.2000000000
P001801,0.2968858249,2,NEGAR,,,
P001802,0.3398756998,2,NEGAR,,,
P001803,0.0392542042,8,APROVAR,0.0240000000,60,0.1500000000
P001804,0.0253952822,9,APROVAR,0.0230000000,60,0.1000000000
P001805,0.0793578913,5,NEGAR,,,
P001806,0.1374985980,4,NEGAR,,,
P001807,0.0492051518,8,APROVAR,0.0240000000,60,0.1500000000
P001808,0.1402717890,4,NEGAR,,,
P001809,0.2352222968,2,NEGAR,,,
P001810,0.1050177655,4,NEGAR,,,
P001811,0.1326795628,4,NEGAR,,,
P001812,0.0548964337,7,APROVAR,0.0250000000,60,0.1500000000
P001813,0.0875334542,5,NEGAR,,,
P001814,0.0758971311,5,NEGAR,,,
P001815,0.0726117919,6,APROVAR,0.0260000000,48,0.2000000000
P001816,0.1992118644,3,NEGAR,,,
P001817,0.1414465136,4,NEGAR,,,
P001818,0.0716527830,6,APROVAR,0.0260000000,48,0.2000000000
P001819,0.1617055301,3,NEGAR,,,
P001820,0.4812569643,1,NEGAR,,,
P001821,0.2337508391,2,NEGAR,,,
P001822,0.3282742508,2,NEGAR,,,
P001823,0.2446243290,2,NEGAR,,,
P001824,0.2732926238,2,NEGAR,,,
P001825,0.0385066211,8,APROVAR,0.0240000000,60,0.1500000000
P001826,0.0976810657,5,NEGAR,,,
P001827,0.1338148415,4,NEGAR,,,
P001828,0.1537855925,3,NEGAR,,,
P001829,0.0886723151,5,NEGAR,,,
P001830,0.2626812671,2,NEGAR,,,
P001831,0.5645080752,1,NEGAR,,,
P001832,0.3249547201,2,NEGAR,,,
P001833,0.0618165582,6,APROVAR,0.0260000000,48,0.2000000000
P001834,0.0268882519,9,APROVAR,0.0230000000,60,0.1000000000
P001835,0.0554334511,7,APROVAR,0.0250000000,60,0.1500000000
P001836,0.1401418475,4,NEGAR,,,
P001837,0.0450953647,8,APROVAR,0.0240000000,60,0.1500000000
P001838,0.1526767177,3,NEGAR,,,
P001839,0.2076881320,3,NEGAR,,,
P001840,0.1973859874,3,NEGAR,,,
P001841,0.0399836077,8,APROVAR,0.0240000000,60,0.1500000000
P001842,0.3263756226,2,NEGAR,,,
P001843,0.0989441911,5,NEGAR,,,
P001844,0.2708161266,2,NEGAR,,,
P001845,0.0814106640,5,NEGAR,,,
P001846,0.0404951827,8,APROVAR,0.0240000000,60,0.1500000000
P001847,0.1250807643,4,NEGAR,,,
P001848,0.0870603699,5,NEGAR,,,
P001849,0.3144080575,2,NEGAR,,,
P001850,0.0826945482,5,NEGAR,,,
P001851,0.0676664482,6,APROVAR,0.0260000000,48,0.2000000000
P001852,0.0911711647,5,NEGAR,,,
P001853,0.0429550343,8,APROVAR,0.0240000000,60,0.1500000000
P001854,0.0876257910,5,NEGAR,,,
P001855,0.0661252155,6,APROVAR,0.0260000000,48,0.2000000000
P001856,0.0224294497,9,APROVAR,0.0230000000,60,0.1000000000
P001857,0.0382463924,8,APROVAR,0.0240000000,60,0.1500000000
P001858,0.0672517729,6,APROVAR,0.0260000000,48,0.2000000000
P001859,0.2479053934,2,NEGAR,,,
P001860,0.0847405726,5,NEGAR,,,
P001861,0.1572890850,3,NEGAR,,,
P001862,0.1532039376,3,NEGAR,,,
P001863,0.1874804085,3,NEGAR,,,
P001864,0.0313723310,9,APROVAR,0.0230000000,60,0.1000000000
P001865,0.0451011466,8,APROVAR,0.0240000000,60,0.1500000000
P001866,0.1253851024,4,NEGAR,,,
P001867,0.0543844134,7,APROVAR,0.0250000000,60,0.1500000000
P001868,0.2191274647,3,NEGAR,,,
P001869,0.3358367462,2,NEGAR,,,
P001870,0.3178741594,2,NEGAR,,,
P001871,0.2891443009,2,NEGAR,,,
P001872,0.1627692019,3,NEGAR,,,
P001873,0.0325759704,9,APROVAR,0.0230000000,60,0.1000000000
P001874,0.2371516438,2,NEGAR,,,
P001875,0.0324900803,9,APROVAR,0.0230000000,60,0.1000000000
P001876,0.3024103407,2,NEGAR,,,
P001877,0.3045175869,2,NEGAR,,,
P001878,0.0653165543,6,APROVAR,0.0260000000,48,0.2000000000
P001879,0.0611388306,6,APROVAR,0.0260000000,48,0.2000000000
P001880,0.3398843011,2,NEGAR,,,
P001881,0.1803038865,3,NEGAR,,,
P001882,0.0357093097,8,APROVAR,0.0240000000,60,0.1500000000
P001883,0.0270623727,9,APROVAR,0.0230000000,60,0.1000000000
P001884,0.1235483149,4,NEGAR,,,
P001885,0.0249670199,9,APROVAR,0.0230000000,60,0.1000000000
P001886,0.0354917431,8,APROVAR,0.0240000000,60,0.1500000000
P001887,0.0410040060,8,APROVAR,0.0240000000,60,0.1500000000
P001888,0.6693963832,1,NEGAR,,,
P001889,0.2577572422,2,NEGAR,,,
P001890,0.0750744752,5,NEGAR,,,
P001891,0.0257490387,9,APROVAR,0.0230000000,60,0.1000000000
P001892,0.0743163083,6,APROVAR,0.0260000000,48,0.2000000000
P001893,0.0901002392,5,NEGAR,,,
P001894,0.0381347317,8,APROVAR,0.0240000000,60,0.1500000000
P001895,0.2840758048,2,NEGAR,,,
P001896,0.2032691642,3,NEGAR,,,
P001897,0.0380344798,8,APROVAR,0.0240000000,60,0.1500000000
P001898,0.0438653329,8,APROVAR,0.0240000000,60,0.1500000000
P001899,0.1946125648,3,NEGAR,,,
P001900,0.1295615611,4,NEGAR,,,
P001901,0.3416408726,2,NEGAR,,,
P001902,0.2145123066,3,NEGAR,,,
P001903,0.0310885675,9,APROVAR,0.0230000000,60,0.1000000000
P001904,0.0547610978,7,APROVAR,0.0250000000,60,0.1500000000
P001905,0.0595547827,7,APROVAR,0.0250000000,60,0.1500000000
P001906,0.1070922350,4,NEGAR,,,
P001907,0.0538418945,7,APROVAR,0.0250000000,60,0.1500000000
P001908,0.1766990978,3,NEGAR,,,
P001909,0.2354529928,2,NEGAR,,,
P001910,0.0580563473,7,APROVAR,0.0250000000,60,0.1500000000
P001911,0.2002929792,3,NEGAR,,,
P001912,0.2603200564,2,NEGAR,,,
P001913,0.0996995072,5,NEGAR,,,
P001914,0.1416926420,4,NEGAR,,,
P001915,0.1959064505,3,NEGAR,,,
P001916,0.0817692156,5,NEGAR,,,
P001917,0.1892013445,3,NEGAR,,,
P001918,0.1482786434,4,NEGAR,,,
P001919,0.2518020095,2,NEGAR,,,
P001920,0.0750616857,5,NEGAR,,,
P001921,0.1886419688,3,NEGAR,,,
P001922,0.1653322248,3,NEGAR,,,
P001923,0.0417214892,8,APROVAR,0.0240000000,60,0.1500000000
P001924,0.1128109872,4,NEGAR,,,
P001925,0.2148887896,3,NEGAR,,,
P001926,0.2749899902,2,NEGAR,,,
P001927,0.2738137735,2,NEGAR,,,
P001928,0.0304307415,9,APROVAR,0.0230000000,60,0.1000000000
P001929,0.0528857843,7,APROVAR,0.0250000000,60,0.1500000000
P001930,0.2578910668,2,NEGAR,,,
P001931,0.2071124392,3,NEGAR,,,
P001932,0.0547884933,7,APROVAR,0.0250000000,60,0.1500000000
P001933,0.0366859411,8,APROVAR,0.0240000000,60,0.1500000000
P001934,0.1942744453,3,NEGAR,,,
P001935,0.2462733555,2,NEGAR,,,
P001936,0.0338936538,9,APROVAR,0.0230000000,60,0.1000000000
P001937,0.2091156006,3,NEGAR,,,
P001938,0.0319707833,9,APROVAR,0.0230000000,60,0.1000000000
P001939,0.0288074448,9,APROVAR,0.0230000000,60,0.1000000000
P001940,0.1930994859,3,NEGAR,,,
P001941,0.0425325991,8,APROVAR,0.0240000000,60,0.1500000000
P001942,0.2994486408,2,NEGAR,,,
P001943,0.0719859671,6,APROVAR,0.0260000000,48,0.2000000000
P001944,0.4132954348,1,NEGAR,,,
P001945,0.0301421293,9,APROVAR,0.0230000000,60,0.1000000000
P001946,0.2375759210,2,NEGAR,,,
P001947,0.0534548839,7,APROVAR,0.0250000000,60,0.1500000000
P001948,0.1937397230,3,NEGAR,,,
P001949,0.4293743721,1,NEGAR,,,
P001950,0.3224253945,2,NEGAR,,,
P001951,0.0285249890,9,APROVAR,0.0230000000,60,0.1000000000
P001952,0.0581736878,7,APROVAR,0.0250000000,60,0.1500000000
P001953,0.0765289917,5,NEGAR,,,
P001954,0.3217651371,2,NEGAR,,,
P001955,0.0707782126,6,APROVAR,0.0260000000,48,0.2000000000
P001956,0.1312517671,4,NEGAR,,,
P001957,0.0615479996,6,APROVAR,0.0260000000,48,0.2000000000
P001958,0.0497391465,8,APROVAR,0.0240000000,60,0.1500000000
P001959,0.3529974434,1,NEGAR,,,
P001960,0.2357113334,2,NEGAR,,,
P001961,0.3450384569,2,NEGAR,,,
P001962,0.1298886371,4,NEGAR,,,
P001963,0.4215057597,1,NEGAR,,,
P001964,0.1521493769,3,NEGAR,,,
P001965,0.0763731340,5,NEGAR,,,
P001966,0.2665234707,2,NEGAR,,,
P001967,0.0421901551,8,APROVAR,0.0240000000,60,0.1500000000
P001968,0.0734374852,6,APROVAR,0.0260000000,48,0.2000000000
P001969,0.1200990318,4,NEGAR,,,
P001970,0.4314338210,1,NEGAR,,,
P001971,0.0800756430,5,NEGAR,,,
P001972,0.0544996758,7,APROVAR,0.0250000000,60,0.1500000000
P001973,0.3283916872,2,NEGAR,,,
P001974,0.0615372144,6,APROVAR,0.0260000000,48,0.2000000000
P001975,0.1185632331,4,NEGAR,,,
P001976,0.0858417109,5,NEGAR,,,
P001977,0.1907925815,3,NEGAR,,,
P001978,0.1108466290,4,NEGAR,,,
P001979,0.0512585557,7,APROVAR,0.0250000000,60,0.1500000000
P001980,0.0808449952,5,NEGAR,,,
P001981,0.0293991398,9,APROVAR,0.0230000000,60,0.1000000000
P001982,0.2154023286,3,NEGAR,,,
P001983,0.0235990431,9,APROVAR,0.0230000000,60,0.1000000000
P001984,0.2261630471,2,NEGAR,,,
P001985,0.0363918467,8,APROVAR,0.0240000000,60,0.1500000000
P001986,0.1129978359,4,NEGAR,,,
P001987,0.2681493897,2,NEGAR,,,
P001988,0.1010793969,4,NEGAR,,,
P001989,0.0185846330,10,APROVAR,0.0225000000,60,0.1000000000
P001990,0.1037421946,4,NEGAR,,,
P001991,0.2977297768,2,NEGAR,,,
P001992,0.4532455953,1,NEGAR,,,
P001993,0.0741798091,6,APROVAR,0.0260000000,48,0.2000000000
P001994,0.2096139942,3,NEGAR,,,
P001995,0.3056685023,2,NEGAR,,,
P001996,0.4579726520,1,NEGAR,,,
P001997,0.0179625611,10,APROVAR,0.0225000000,60,0.1000000000
P001998,0.0977291941,5,NEGAR,,,
P001999,0.0654669132,6,APROVAR,0.0260000000,48,0.2000000000
P002000,0.0294456761,9,APROVAR,0.0230000000,60,0.1000000000
P002001,0.1815646221,3,NEGAR,,,
P002002,0.0776894851,5,NEGAR,,,
P002003,0.2017214647,3,NEGAR,,,
P002004,0.0344341544,9,APROVAR,0.0230000000,60,0.1000000000
P002005,0.2109167244,3,NEGAR,,,
P002006,0.0394261103,8,APROVAR,0.0240000000,60,0.1500000000
P002007,0.2797333175,2,NEGAR,,,
P002008,0.0802922843,5,NEGAR,,,
P002009,0.0538078971,7,APROVAR,0.0250000000,60,0.1500000000
P002010,0.4491118645,1,NEGAR,,,
P002011,0.0823397850,5,NEGAR,,,
P002012,0.0601421247,6,APROVAR,0.0260000000,48,0.2000000000
P002013,0.0727966756,6,APROVAR,0.0260000000,48,0.2000000000
P002014,0.0560956732,7,APROVAR,0.0250000000,60,0.1500000000
P002015,0.0261729718,9,APROVAR,0.0230000000,60,0.1000000000
P002016,0.1001778733,4,NEGAR,,,
P002017,0.0269870281,9,APROVAR,0.0230000000,60,0.1000000000
P002018,0.0564236174,7,APROVAR,0.0250000000,60,0.1500000000
P002019,0.2624234969,2,NEGAR,,,
P002020,0.1238925909,4,NEGAR,,,
P002021,0.1140432047,4,NEGAR,,,
P002022,0.3914566960,1,NEGAR,,,
P002023,0.0729656282,6,APROVAR,0.0260000000,48,0.2000000000
P002024,0.1411226681,4,NEGAR,,,
P002025,0.1522188273,3,NEGAR,,,
P002026,0.1151621904,4,NEGAR,,,
P002027,0.2746519026,2,NEGAR,,,
P002028,0.3149176214,2,NEGAR,,,
P002029,0.0712013170,6,APROVAR,0.0260000000,48,0.2000000000
P002030,0.0717149943,6,APROVAR,0.0260000000,48,0.2000000000
P002031,0.0295106872,9,APROVAR,0.0230000000,60,0.1000000000
P002032,0.2994194821,2,NEGAR,,,
P002033,0.0242838121,9,APROVAR,0.0230000000,60,0.1000000000
P002034,0.0548072732,7,APROVAR,0.0250000000,60,0.1500000000
P002035,0.1121213852,4,NEGAR,,,
P002036,0.1969497994,3,NEGAR,,,
P002037,0.2233505403,2,NEGAR,,,
P002038,0.1326095403,4,NEGAR,,,
P002039,0.0374220914,8,APROVAR,0.0240000000,60,0.1500000000
P002040,0.0355540997,8,APROVAR,0.0240000000,60,0.1500000000
P002041,0.2482892514,2,NEGAR,,,
P002042,0.1622382582,3,NEGAR,,,
P002043,0.1152077047,4,NEGAR,,,
P002044,0.0566491276,7,APROVAR,0.0250000000,60,0.1500000000
P002045,0.0412902381,8,APROVAR,0.0240000000,60,0.1500000000
P002046,0.1494003509,4,NEGAR,,,
P002047,0.0474265876,8,APROVAR,0.0240000000,60,0.1500000000
P002048,0.2788853622,2,NEGAR,,,
P002049,0.0343721160,9,APROVAR,0.0230000000,60,0.1000000000
P002050,0.4908191933,1,NEGAR,,,
P002051,0.0663457889,6,APROVAR,0.0260000000,48,0.2000000000
P002052,0.2410884467,2,NEGAR,,,
P002053,0.1046122006,4,NEGAR,,,
P002054,0.0449475350,8,APROVAR,0.0240000000,60,0.1500000000
P002055,0.0239934392,9,APROVAR,0.0230000000,60,0.1000000000
P002056,0.0446368137,8,APROVAR,0.0240000000,60,0.1500000000
P002057,0.0755410729,5,NEGAR,,,
P002058,0.2764728034,2,NEGAR,,,
P002059,0.0936874649,5,NEGAR,,,
P002060,0.0323379836,9,APROVAR,0.0230000000,60,0.1000000000
P002061,0.0833720056,5,NEGAR,,,
P002062,0.0814180077,5,NEGAR,,,
P002063,0.1991448506,3,NEGAR,,,
P002064,0.2914852630,2,NEGAR,,,
P002065,0.0621789225,6,APROVAR,0.0260000000,48,0.2000000000
P002066,0.2210145364,2,NEGAR,,,
P002067,0.0993162599,5,NEGAR,,,
P002068,0.1381756893,4,NEGAR,,,
P002069,0.0725482050,6,APROVAR,0.0260000000,48,0.2000000000
P002070,0.1752916548,3,NEGAR,,,
P002071,0.2508533880,2,NEGAR,,,
P002072,0.0361396611,8,APROVAR,0.0240000000,60,0.1500000000
P002073,0.0970419197,5,NEGAR,,,
P002074,0.3526369016,1,NEGAR,,,
P002075,0.0354155441,8,APROVAR,0.0240000000,60,0.1500000000
P002076,0.0376198254,8,APROVAR,0.0240000000,60,0.1500000000
P002077,0.0653647489,6,APROVAR,0.0260000000,48,0.2000000000
P002078,0.2702266489,2,NEGAR,,,
P002079,0.4016506632,1,NEGAR,,,
P002080,0.1727084166,3,NEGAR,,,
P002081,0.0402892314,8,APROVAR,0.0240000000,60,0.1500000000
P002082,0.0357067538,8,APROVAR,0.0240000000,60,0.1500000000
P002083,0.0431237977,8,APROVAR,0.0240000000,60,0.1500000000
P002084,0.0381909331,8,APROVAR,0.0240000000,60,0.1500000000
P002085,0.1818746676,3,NEGAR,,,
P002086,0.1171212337,4,NEGAR,,,
P002087,0.1905581910,3,NEGAR,,,
P002088,0.1705320636,3,NEGAR,,,
P002089,0.1570023038,3,NEGAR,,,
P002090,0.0434173586,8,APROVAR,0.0240000000,60,0.1500000000
P002091,0.1442826143,4,NEGAR,,,
P002092,0.4867708434,1,NEGAR,,,
P002093,0.0685079394,6,APROVAR,0.0260000000,48,0.2000000000
P002094,0.2011566980,3,NEGAR,,,
P002095,0.1661990537,3,NEGAR,,,
P002096,0.0239384939,9,APROVAR,0.0230000000,60,0.1000000000
P002097,0.0949728274,5,NEGAR,,,
P002098,0.3001339532,2,NEGAR,,,
P002099,0.0204248575,9,APROVAR,0.0230000000,60,0.1000000000
P002100,0.2917681155,2,NEGAR,,,
P002101,0.0409584373,8,APROVAR,0.0240000000,60,0.1500000000
P002102,0.0233760838,9,APROVAR,0.0230000000,60,0.1000000000
P002103,0.0242650155,9,APROVAR,0.0230000000,60,0.1000000000
P002104,0.0708384191,6,APROVAR,0.0260000000,48,0.2000000000
P002105,0.1219373158,4,NEGAR,,,
P002106,0.0926760037,5,NEGAR,,,
P002107,0.0324420080,9,APROVAR,0.0230000000,60,0.1000000000
P002108,0.0214556875,9,APROVAR,0.0230000000,60,0.1000000000
P002109,0.2873628455,2,NEGAR,,,
P002110,0.0591780779,7,APROVAR,0.0250000000,60,0.1500000000
P002111,0.1921816856,3,NEGAR,,,
P002112,0.0467571899,8,APROVAR,0.0240000000,60,0.1500000000
P002113,0.1300218353,4,NEGAR,,,
P002114,0.1083560872,4,NEGAR,,,
P002115,0.2241790051,2,NEGAR,,,
P002116,0.0438078091,8,APROVAR,0.0240000000,60,0.1500000000
P002117,0.1585001984,3,NEGAR,,,
P002118,0.0542751276,7,APROVAR,0.0250000000,60,0.1500000000
P002119,0.0997426115,5,NEGAR,,,
P002120,0.0398647070,8,APROVAR,0.0240000000,60,0.1500000000
P002121,0.0217695081,9,APROVAR,0.0230000000,60,0.1000000000
P002122,0.1214750161,4,NEGAR,,,
P002123,0.3137941861,2,NEGAR,,,
P002124,0.1096436233,4,NEGAR,,,
P002125,0.0530753165,7,APROVAR,0.0250000000,60,0.1500000000
P002126,0.2955714793,2,NEGAR,,,
P002127,0.1904115539,3,NEGAR,,,
P002128,0.3389342110,2,NEGAR,,,
P002129,0.2029060086,3,NEGAR,,,
P002130,0.1435454263,4,NEGAR,,,
P002131,0.0575412796,7,APROVAR,0.0250000000,60,0.1500000000
P002132,0.2373998136,2,NEGAR,,,
P002133,0.1072675907,4,NEGAR,,,
P002134,0.1286714748,4,NEGAR,,,
P002135,0.1030096865,4,NEGAR,,,
P002136,0.0561334501,7,APROVAR,0.0250000000,60,0.1500000000
P002137,0.0456284188,8,APROVAR,0.0240000000,60,0.1500000000
P002138,0.0212658423,9,APROVAR,0.0230000000,60,0.1000000000
P002139,0.3062945931,2,NEGAR,,,
P002140,0.0174279191,10,APROVAR,0.0225000000,60,0.1000000000
P002141,0.2052279610,3,NEGAR,,,
P002142,0.2025217624,3,NEGAR,,,
P002143,0.2038730976,3,NEGAR,,,
P002144,0.0427182776,8,APROVAR,0.0240000000,60,0.1500000000
P002145,0.0333934029,9,APROVAR,0.0230000000,60,0.1000000000
P002146,0.0325017680,9,APROVAR,0.0230000000,60,0.1000000000
P002147,0.0313762100,9,APROVAR,0.0230000000,60,0.1000000000
P002148,0.0775434125,5,NEGAR,,,
P002149,0.3387933395,2,NEGAR,,,
P002150,0.0604476992,6,APROVAR,0.0260000000,48,0.2000000000
P002151,0.1001431242,4,NEGAR,,,
P002152,0.4386908075,1,NEGAR,,,
P002153,0.0525805173,7,APROVAR,0.0250000000,60,0.1500000000
P002154,0.0354004059,8,APROVAR,0.0240000000,60,0.1500000000
P002155,0.1079118521,4,NEGAR,,,
P002156,0.0415981487,8,APROVAR,0.0240000000,60,0.1500000000
P002157,0.0397897062,8,APROVAR,0.0240000000,60,0.1500000000
P002158,0.0386222316,8,APROVAR,0.0240000000,60,0.1500000000
P002159,0.0831641358,5,NEGAR,,,
P002160,0.1211953355,4,NEGAR,,,
P002161,0.4568048005,1,NEGAR,,,
P002162,0.0427523591,8,APROVAR,0.0240000000,60,0.1500000000
P002163,0.3463868723,2,NEGAR,,,
P002164,0.0403708970,8,APROVAR,0.0240000000,60,0.1500000000
P002165,0.0547312507,7,APROVAR,0.0250000000,60,0.1500000000
P002166,0.0425750776,8,APROVAR,0.0240000000,60,0.1500000000
P002167,0.0282680796,9,APROVAR,0.0230000000,60,0.1000000000
P002168,0.1387134089,4,NEGAR,,,
P002169,0.2619332022,2,NEGAR,,,
P002170,0.0769402018,5,NEGAR,,,
P002171,0.0961435488,5,NEGAR,,,
P002172,0.0479587062,8,APROVAR,0.0240000000,60,0.1500000000
P002173,0.0437427065,8,APROVAR,0.0240000000,60,0.1500000000
P002174,0.1508262803,3,NEGAR,,,
P002175,0.0494783700,8,APROVAR,0.0240000000,60,0.1500000000
P002176,0.0542758352,7,APROVAR,0.0250000000,60,0.1500000000
P002177,0.2895619788,2,NEGAR,,,
P002178,0.0865205627,5,NEGAR,,,
P002179,0.0538149616,7,APROVAR,0.0250000000,60,0.1500000000
P002180,0.2447128953,2,NEGAR,,,
P002181,0.0408928818,8,APROVAR,0.0240000000,60,0.1500000000
P002182,0.3487512382,2,NEGAR,,,
P002183,0.5620887587,1,NEGAR,,,
P002184,0.0428820780,8,APROVAR,0.0240000000,60,0.1500000000
P002185,0.0661906212,6,APROVAR,0.0260000000,48,0.2000000000
P002186,0.2206616805,2,NEGAR,,,
P002187,0.1076152427,4,NEGAR,,,
P002188,0.1389057449,4,NEGAR,,,
P002189,0.0713214191,6,APROVAR,0.0260000000,48,0.2000000000
P002190,0.0795671445,5,NEGAR,,,
P002191,0.1941115103,3,NEGAR,,,
P002192,0.1134472812,4,NEGAR,,,
P002193,0.3098622539,2,NEGAR,,,
P002194,0.0477687559,8,APROVAR,0.0240000000,60,0.1500000000
P002195,0.2101613106,3,NEGAR,,,
P002196,0.0406821023,8,APROVAR,0.0240000000,60,0.1500000000
P002197,0.0240574328,9,APROVAR,0.0230000000,60,0.1000000000
P002198,0.2421936774,2,NEGAR,,,
P002199,0.1060294266,4,NEGAR,,,
P002200,0.1720985905,3,NEGAR,,,
P002201,0.0385460101,8,APROVAR,0.0240000000,60,0.1500000000
P002202,0.2444182410,2,NEGAR,,,
P002203,0.4367042818,1,NEGAR,,,
P002204,0.0347547209,9,APROVAR,0.0230000000,60,0.1000000000
P002205,0.0439211695,8,APROVAR,0.0240000000,60,0.1500000000
P002206,0.1997865260,3,NEGAR,,,
P002207,0.2802782637,2,NEGAR,,,
P002208,0.2572655462,2,NEGAR,,,
P002209,0.0187411372,10,APROVAR,0.0225000000,60,0.1000000000
P002210,0.0538346041,7,APROVAR,0.0250000000,60,0.1500000000
P002211,0.0451307781,8,APROVAR,0.0240000000,60,0.1500000000
P002212,0.0237201785,9,APROVAR,0.0230000000,60,0.1000000000
P002213,0.0374929971,8,APROVAR,0.0240000000,60,0.1500000000
P002214,0.2932830103,2,NEGAR,,,
P002215,0.1153886919,4,NEGAR,,,
P002216,0.0774571480,5,NEGAR,,,
P002217,0.3940804276,1,NEGAR,,,
P002218,0.3262872993,2,NEGAR,,,
P002219,0.0243319629,9,APROVAR,0.0230000000,60,0.1000000000
P002220,0.3534941908,1,NEGAR,,,
P002221,0.1563947631,3,NEGAR,,,
P002222,0.1462135176,4,NEGAR,,,
P002223,0.1850025085,3,NEGAR,,,
P002224,0.0461953858,8,APROVAR,0.0240000000,60,0.1500000000
P002225,0.2051707383,3,NEGAR,,,
P002226,0.0605511634,6,APROVAR,0.0260000000,48,0.2000000000
P002227,0.0380955793,8,APROVAR,0.0240000000,60,0.1500000000
P002228,0.1419739727,4,NEGAR,,,
P002229,0.0358539133,8,APROVAR,0.0240000000,60,0.1500000000
P002230,0.1488298971,4,NEGAR,,,
P002231,0.1158343579,4,NEGAR,,,
P002232,0.1050624777,4,NEGAR,,,
P002233,0.2034881142,3,NEGAR,,,
P002234,0.2984559164,2,NEGAR,,,
P002235,0.0378154756,8,APROVAR,0.0240000000,60,0.1500000000
P002236,0.0292281283,9,APROVAR,0.0230000000,60,0.1000000000
P002237,0.1004141037,4,NEGAR,,,
P002238,0.0340638739,9,APROVAR,0.0230000000,60,0.1000000000
P002239,0.2793495042,2,NEGAR,,,
P002240,0.2318438278,2,NEGAR,,,
P002241,0.0395229686,8,APROVAR,0.0240000000,60,0.1500000000
P002242,0.0549911283,7,APROVAR,0.0250000000,60,0.1500000000
P002243,0.5958969535,1,NEGAR,,,
P002244,0.2102705519,3,NEGAR,,,
P002245,0.0414920670,8,APROVAR,0.0240000000,60,0.1500000000
P002246,0.0967412146,5,NEGAR,,,
P002247,0.1995854405,3,NEGAR,,,
P002248,0.0348254707,9,APROVAR,0.0230000000,60,0.1000000000
P002249,0.1341041703,4,NEGAR,,,
P002250,0.0586732640,7,APROVAR,0.0250000000,60,0.1500000000
P002251,0.0767550543,5,NEGAR,,,
P002252,0.0224766687,9,APROVAR,0.0230000000,60,0.1000000000
P002253,0.0364497822,8,APROVAR,0.0240000000,60,0.1500000000
P002254,0.3012211834,2,NEGAR,,,
P002255,0.0569405082,7,APROVAR,0.0250000000,60,0.1500000000
P002256,0.0234146398,9,APROVAR,0.0230000000,60,0.1000000000
P002257,0.2631791865,2,NEGAR,,,
P002258,0.2521792611,2,NEGAR,,,
P002259,0.2936717785,2,NEGAR,,,
P002260,0.3373658118,2,NEGAR,,,
P002261,0.0377501491,8,APROVAR,0.0240000000,60,0.1500000000
P002262,0.0467311504,8,APROVAR,0.0240000000,60,0.1500000000
P002263,0.0409309132,8,APROVAR,0.0240000000,60,0.1500000000
P002264,0.0348634536,9,APROVAR,0.0230000000,60,0.1000000000
P002265,0.0489989306,8,APROVAR,0.0240000000,60,0.1500000000
P002266,0.0270792366,9,APROVAR,0.0230000000,60,0.1000000000
P002267,0.1380137695,4,NEGAR,,,
P002268,0.0447551740,8,APROVAR,0.0240000000,60,0.1500000000
P002269,0.0390840792,8,APROVAR,0.0240000000,60,0.1500000000
P002270,0.0317346110,9,APROVAR,0.0230000000,60,0.1000000000
P002271,0.1914289345,3,NEGAR,,,
P002272,0.1442843192,4,NEGAR,,,
P002273,0.1691515813,3,NEGAR,,,
P002274,0.0328800612,9,APROVAR,0.0230000000,60,0.1000000000
P002275,0.3383248322,2,NEGAR,,,
P002276,0.2696418532,2,NEGAR,,,
P002277,0.2165046018,3,NEGAR,,,
P002278,0.0375419778,8,APROVAR,0.0240000000,60,0.1500000000
P002279,0.1383395792,4,NEGAR,,,
P002280,0.4468401292,1,NEGAR,,,
P002281,0.2113162524,3,NEGAR,,,
P002282,0.1575928242,3,NEGAR,,,
P002283,0.0395206680,8,APROVAR,0.0240000000,60,0.1500000000
P002284,0.1466850809,4,NEGAR,,,
P002285,0.2195396215,3,NEGAR,,,
P002286,0.1392742852,4,NEGAR,,,
P002287,0.0864753169,5,NEGAR,,,
P002288,0.4008591834,1,NEGAR,,,
P002289,0.1240549520,4,NEGAR,,,
P002290,0.0378056119,8,APROVAR,0.0240000000,60,0.1500000000
P002291,0.0272361616,9,APROVAR,0.0230000000,60,0.1000000000
P002292,0.2184093151,3,NEGAR,,,
P002293,0.3642413038,1,NEGAR,,,
P002294,0.0268061607,9,APROVAR,0.0230000000,60,0.1000000000
P002295,0.1786363487,3,NEGAR,,,
P002296,0.0298563566,9,APROVAR,0.0230000000,60,0.1000000000
P002297,0.2497269986,2,NEGAR,,,
P002298,0.0938082463,5,NEGAR,,,
P002299,0.0922430489,5,NEGAR,,,
P002300,0.0469652055,8,APROVAR,0.0240000000,60,0.1500000000
P002301,0.0334864075,9,APROVAR,0.0230000000,60,0.1000000000
P002302,0.0393686643,8,APROVAR,0.0240000000,60,0.1500000000
P002303,0.0728506248,6,APROVAR,0.0260000000,48,0.2000000000
P002304,0.0539882000,7,APROVAR,0.0250000000,60,0.1500000000
P002305,0.0875970140,5,NEGAR,,,
P002306,0.0507985285,7,APROVAR,0.0250000000,60,0.1500000000
P002307,0.3931968890,1,NEGAR,,,
P002308,0.0561417160,7,APROVAR,0.0250000000,60,0.1500000000
P002309,0.0941803176,5,NEGAR,,,
P002310,0.0870453424,5,NEGAR,,,
P002311,0.0608149241,6,APROVAR,0.0260000000,48,0.2000000000
P002312,0.0541984976,7,APROVAR,0.0250000000,60,0.1500000000
P002313,0.1332764052,4,NEGAR,,,
P002314,0.0608337786,6,APROVAR,0.0260000000,48,0.2000000000
P002315,0.0688504351,6,APROVAR,0.0260000000,48,0.2000000000
P002316,0.0446611167,8,APROVAR,0.0240000000,60,0.1500000000
P002317,0.3004338039,2,NEGAR,,,
P002318,0.0535752793,7,APROVAR,0.0250000000,60,0.1500000000
P002319,0.2552024354,2,NEGAR,,,
P002320,0.3564163524,1,NEGAR,,,
P002321,0.0394831344,8,APROVAR,0.0240000000,60,0.1500000000
P002322,0.1058771958,4,NEGAR,,,
P002323,0.2070368956,3,NEGAR,,,
P002324,0.2685467441,2,NEGAR,,,
P002325,0.2247958177,2,NEGAR,,,
P002326,0.0566682349,7,APROVAR,0.0250000000,60,0.1500000000
P002327,0.4029066014,1,NEGAR,,,
P002328,0.0322622629,9,APROVAR,0.0230000000,60,0.1000000000
P002329,0.0457438717,8,APROVAR,0.0240000000,60,0.1500000000
P002330,0.2682734639,2,NEGAR,,,
P002331,0.0727060455,6,APROVAR,0.0260000000,48,0.2000000000
P002332,0.2154511257,3,NEGAR,,,
P002333,0.4237705535,1,NEGAR,,,
P002334,0.0350737170,8,APROVAR,0.0240000000,60,0.1500000000
P002335,0.0529399943,7,APROVAR,0.0250000000,60,0.1500000000
P002336,0.0810740438,5,NEGAR,,,
P002337,0.3650398550,1,NEGAR,,,
P002338,0.0538002536,7,APROVAR,0.0250000000,60,0.1500000000
P002339,0.3493676775,2,NEGAR,,,
P002340,0.0367348801,8,APROVAR,0.0240000000,60,0.1500000000
P002341,0.0561719533,7,APROVAR,0.0250000000,60,0.1500000000
P002342,0.0315703506,9,APROVAR,0.0230000000,60,0.1000000000
P002343,0.0833657549,5,NEGAR,,,
P002344,0.1540649746,3,NEGAR,,,
P002345,0.0519420604,7,APROVAR,0.0250000000,60,0.1500000000
P002346,0.0316144860,9,APROVAR,0.0230000000,60,0.1000000000
P002347,0.2150539497,3,NEGAR,,,
P002348,0.0349767307,9,APROVAR,0.0230000000,60,0.1000000000
P002349,0.3954864302,1,NEGAR,,,
P002350,0.0352497636,8,APROVAR,0.0240000000,60,0.1500000000
P002351,0.0607352259,6,APROVAR,0.0260000000,48,0.2000000000
P002352,0.1736723073,3,NEGAR,,,
P002353,0.0639092768,6,APROVAR,0.0260000000,48,0.2000000000
P002354,0.0671654810,6,APROVAR,0.0260000000,48,0.2000000000
P002355,0.0395674516,8,APROVAR,0.0240000000,60,0.1500000000
P002356,0.1790517629,3,NEGAR,,,
P002357,0.0211505613,9,APROVAR,0.0230000000,60,0.1000000000
P002358,0.2534733244,2,NEGAR,,,
P002359,0.0294390465,9,APROVAR,0.0230000000,60,0.1000000000
P002360,0.2722672474,2,NEGAR,,,
P002361,0.0778242995,5,NEGAR,,,
P002362,0.3299060874,2,NEGAR,,,
P002363,0.1976986364,3,NEGAR,,,
P002364,0.0424025837,8,APROVAR,0.0240000000,60,0.1500000000
P002365,0.1099199137,4,NEGAR,,,
P002366,0.2485497017,2,NEGAR,,,
P002367,0.4478504651,1,NEGAR,,,
P002368,0.0586766608,7,APROVAR,0.0250000000,60,0.1500000000
P002369,0.1676244504,3,NEGAR,,,
P002370,0.1321428512,4,NEGAR,,,
P002371,0.3798801337,1,NEGAR,,,
P002372,0.0468107851,8,APROVAR,0.0240000000,60,0.1500000000
P002373,0.0426403048,8,APROVAR,0.0240000000,60,0.1500000000
P002374,0.0238121756,9,APROVAR,0.0230000000,60,0.1000000000
P002375,0.3983394199,1,NEGAR,,,
P002376,0.0337191923,9,APROVAR,0.0230000000,60,0.1000000000
P002377,0.0800731520,5,NEGAR,,,
P002378,0.1363580512,4,NEGAR,,,
P002379,0.3261757221,2,NEGAR,,,
P002380,0.0536448693,7,APROVAR,0.0250000000,60,0.1500000000
P002381,0.2660578835,2,NEGAR,,,
P002382,0.0385845649,8,APROVAR,0.0240000000,60,0.1500000000
P002383,0.0346507024,9,APROVAR,0.0230000000,60,0.1000000000
P002384,0.0947241665,5,NEGAR,,,
P002385,0.2878890097,2,NEGAR,,,
P002386,0.1721492681,3,NEGAR,,,
P002387,0.1124081476,4,NEGAR,,,
P002388,0.2880859672,2,NEGAR,,,
P002389,0.4993153500,1,NEGAR,,,
P002390,0.0295220324,9,APROVAR,0.0230000000,60,0.1000000000
P002391,0.1592712452,3,NEGAR,,,
P002392,0.1293587066,4,NEGAR,,,
P002393,0.0285695815,9,APROVAR,0.0230000000,60,0.1000000000
P002394,0.0965474541,5,NEGAR,,,
P002395,0.0459498851,8,APROVAR,0.0240000000,60,0.1500000000
P002396,0.2660768807,2,NEGAR,,,
P002397,0.0220122099,9,APROVAR,0.0230000000,60,0.1000000000
P002398,0.0825063365,5,NEGAR,,,
P002399,0.2164313633,3,NEGAR,,,
P002400,0.4197141325,1,NEGAR,,,
P002401,0.0380047769,8,APROVAR,0.0240000000,60,0.1500000000
P002402,0.0418220065,8,APROVAR,0.0240000000,60,0.1500000000
P002403,0.1229029612,4,NEGAR,,,
P002404,0.0346370548,9,APROVAR,0.0230000000,60,0.1000000000
P002405,0.0896484934,5,NEGAR,,,
P002406,0.3813309773,1,NEGAR,,,
P002407,0.0894581710,5,NEGAR,,,
P002408,0.3074688234,2,NEGAR,,,
P002409,0.0400609038,8,APROVAR,0.0240000000,60,0.1500000000
P002410,0.2630553600,2,NEGAR,,,
P002411,0.0409173780,8,APROVAR,0.0240000000,60,0.1500000000
P002412,0.2273858894,2,NEGAR,,,
P002413,0.1010327996,4,NEGAR,,,
P002414,0.1690167191,3,NEGAR,,,
P002415,0.3033259282,2,NEGAR,,,
P002416,0.0244161961,9,APROVAR,0.0230000000,60,0.1000000000
P002417,0.0542262164,7,APROVAR,0.0250000000,60,0.1500000000
P002418,0.0372403482,8,APROVAR,0.0240000000,60,0.1500000000
P002419,0.0463681362,8,APROVAR,0.0240000000,60,0.1500000000
P002420,0.2698414798,2,NEGAR,,,
P002421,0.1261617087,4,NEGAR,,,
P002422,0.0752686541,5,NEGAR,,,
P002423,0.0331736005,9,APROVAR,0.0230000000,60,0.1000000000
P002424,0.1683631426,3,NEGAR,,,
P002425,0.1767552228,3,NEGAR,,,
P002426,0.2719935870,2,NEGAR,,,
P002427,0.2455157968,2,NEGAR,,,
P002428,0.0404938992,8,APROVAR,0.0240000000,60,0.1500000000
P002429,0.2311924249,2,NEGAR,,,
P002430,0.0525078202,7,APROVAR,0.0250000000,60,0.1500000000
P002431,0.0284934925,9,APROVAR,0.0230000000,60,0.1000000000
P002432,0.0565831569,7,APROVAR,0.0250000000,60,0.1500000000
P002433,0.0604975343,6,APROVAR,0.0260000000,48,0.2000000000
P002434,0.0404157501,8,APROVAR,0.0240000000,60,0.1500000000
P002435,0.0513942663,7,APROVAR,0.0250000000,60,0.1500000000
P002436,0.0280582453,9,APROVAR,0.0230000000,60,0.1000000000
P002437,0.0279011617,9,APROVAR,0.0230000000,60,0.1000000000
P002438,0.0304537349,9,APROVAR,0.0230000000,60,0.1000000000
P002439,0.0569524117,7,APROVAR,0.0250000000,60,0.1500000000
P002440,0.0513746354,7,APROVAR,0.0250000000,60,0.1500000000
P002441,0.0222603065,9,APROVAR,0.0230000000,60,0.1000000000
P002442,0.3515722358,1,NEGAR,,,
P002443,0.0338230743,9,APROVAR,0.0230000000,60,0.1000000000
P002444,0.2655051732,2,NEGAR,,,
P002445,0.0416711418,8,APROVAR,0.0240000000,60,0.1500000000
P002446,0.3511752909,1,NEGAR,,,
P002447,0.3467873211,2,NEGAR,,,
P002448,0.0525749707,7,APROVAR,0.0250000000,60,0.1500000000
P002449,0.3396663606,2,NEGAR,,,
P002450,0.0546188445,7,APROVAR,0.0250000000,60,0.1500000000
P002451,0.2154598054,3,NEGAR,,,
P002452,0.0647014916,6,APROVAR,0.0260000000,48,0.2000000000
P002453,0.0422037515,8,APROVAR,0.0240000000,60,0.1500000000
P002454,0.0786109027,5,NEGAR,,,
P002455,0.1912977609,3,NEGAR,,,
P002456,0.0891900625,5,NEGAR,,,
P002457,0.3495204998,2,NEGAR,,,
P002458,0.0573670231,7,APROVAR,0.0250000000,60,0.1500000000
P002459,0.0411956087,8,APROVAR,0.0240000000,60,0.1500000000
P002460,0.1702847400,3,NEGAR,,,
P002461,0.0382968830,8,APROVAR,0.0240000000,60,0.1500000000
P002462,0.1869070220,3,NEGAR,,,
P002463,0.3782089321,1,NEGAR,,,
P002464,0.3126505900,2,NEGAR,,,
P002465,0.1415216205,4,NEGAR,,,
P002466,0.0338967233,9,APROVAR,0.0230000000,60,0.1000000000
P002467,0.0281737070,9,APROVAR,0.0230000000,60,0.1000000000
P002468,0.0240298569,9,APROVAR,0.0230000000,60,0.1000000000
P002469,0.0547954832,7,APROVAR,0.0250000000,60,0.1500000000
P002470,0.0360883599,8,APROVAR,0.0240000000,60,0.1500000000
P002471,0.3242829381,2,NEGAR,,,
P002472,0.1351008042,4,NEGAR,,,
P002473,0.0260842824,9,APROVAR,0.0230000000,60,0.1000000000
P002474,0.0806781648,5,NEGAR,,,
P002475,0.1595355689,3,NEGAR,,,
P002476,0.0658840035,6,APROVAR,0.0260000000,48,0.2000000000
P002477,0.2753840641,2,NEGAR,,,
P002478,0.0527593089,7,APROVAR,0.0250000000,60,0.1500000000
P002479,0.2216223288,2,NEGAR,,,
P002480,0.0313271088,9,APROVAR,0.0230000000,60,0.1000000000
P002481,0.0797305467,5,NEGAR,,,
P002482,0.1439202000,4,NEGAR,,,
P002483,0.0354450709,8,APROVAR,0.0240000000,60,0.1500000000
P002484,0.0430301126,8,APROVAR,0.0240000000,60,0.1500000000
P002485,0.0592666035,7,APROVAR,0.0250000000,60,0.1500000000
P002486,0.2999453108,2,NEGAR,,,
P002487,0.0515707388,7,APROVAR,0.0250000000,60,0.1500000000
P002488,0.0184979797,10,APROVAR,0.0225000000,60,0.1000000000
P002489,0.0359663517,8,APROVAR,0.0240000000,60,0.1500000000
P002490,0.1557042918,3,NEGAR,,,
P002491,0.0581938599,7,APROVAR,0.0250000000,60,0.1500000000
P002492,0.2076080305,3,NEGAR,,,
P002493,0.1413774885,4,NEGAR,,,
P002494,0.0802464872,5,NEGAR,,,
P002495,0.2824403338,2,NEGAR,,,
P002496,0.0219103826,9,APROVAR,0.0230000000,60,0.1000000000
P002497,0.1908906053,3,NEGAR,,,
P002498,0.3340700894,2,NEGAR,,,
P002499,0.1830154741,3,NEGAR,,,
P002500,0.0649241668,6,APROVAR,0.0260000000,48,0.2000000000
P002501,0.0491168267,8,APROVAR,0.0240000000,60,0.1500000000
P002502,0.0489081386,8,APROVAR,0.0240000000,60,0.1500000000
P002503,0.3911747383,1,NEGAR,,,
P002504,0.0460427760,8,APROVAR,0.0240000000,60,0.1500000000
P002505,0.0393242810,8,APROVAR,0.0240000000,60,0.1500000000
P002506,0.0456206831,8,APROVAR,0.0240000000,60,0.1500000000
P002507,0.3213228352,2,NEGAR,,,
P002508,0.0240438499,9,APROVAR,0.0230000000,60,0.1000000000
P002509,0.1781915941,3,NEGAR,,,
P002510,0.0180932915,10,APROVAR,0.0225000000,60,0.1000000000
P002511,0.0313745338,9,APROVAR,0.0230000000,60,0.1000000000
P002512,0.4749922840,1,NEGAR,,,
P002513,0.0345929808,9,APROVAR,0.0230000000,60,0.1000000000
P002514,0.0485020779,8,APROVAR,0.0240000000,60,0.1500000000
P002515,0.0272594392,9,APROVAR,0.0230000000,60,0.1000000000
P002516,0.0720077185,6,APROVAR,0.0260000000,48,0.2000000000
P002517,0.0218851830,9,APROVAR,0.0230000000,60,0.1000000000
P002518,0.2083274679,3,NEGAR,,,
P002519,0.1628640605,3,NEGAR,,,
P002520,0.2031547394,3,NEGAR,,,
P002521,0.2028208470,3,NEGAR,,,
P002522,0.0895178924,5,NEGAR,,,
P002523,0.1660440001,3,NEGAR,,,
P002524,0.1012275155,4,NEGAR,,,
P002525,0.0239984689,9,APROVAR,0.0230000000,60,0.1000000000
P002526,0.2723021213,2,NEGAR,,,
P002527,0.1603738507,3,NEGAR,,,
P002528,0.0859831324,5,NEGAR,,,
P002529,0.2958479624,2,NEGAR,,,
P002530,0.0917129585,5,NEGAR,,,
P002531,0.0689538192,6,APROVAR,0.0260000000,48,0.2000000000
P002532,0.2765752406,2,NEGAR,,,
P002533,0.4010828591,1,NEGAR,,,
P002534,0.0460927738,8,APROVAR,0.0240000000,60,0.1500000000
P002535,0.1285754298,4,NEGAR,,,
P002536,0.0585961775,7,APROVAR,0.0250000000,60,0.1500000000
P002537,0.1309075094,4,NEGAR,,,
P002538,0.1166631358,4,NEGAR,,,
P002539,0.0554631247,7,APROVAR,0.0250000000,60,0.1500000000
P002540,0.0286432896,9,APROVAR,0.0230000000,60,0.1000000000
P002541,0.0524314298,7,APROVAR,0.0250000000,60,0.1500000000
P002542,0.0431564616,8,APROVAR,0.0240000000,60,0.1500000000
P002543,0.1557488533,3,NEGAR,,,
P002544,0.2216238642,2,NEGAR,,,
P002545,0.0646870371,6,APROVAR,0.0260000000,48,0.2000000000
P002546,0.1213687318,4,NEGAR,,,
P002547,0.0351875057,8,APROVAR,0.0240000000,60,0.1500000000
P002548,0.0575745863,7,APROVAR,0.0250000000,60,0.1500000000
P002549,0.2213643866,2,NEGAR,,,
P002550,0.2185876932,3,NEGAR,,,
P002551,0.1844585806,3,NEGAR,,,
P002552,0.3122225150,2,NEGAR,,,
P002553,0.1993504487,3,NEGAR,,,
P002554,0.1395618102,4,NEGAR,,,
P002555,0.0398976930,8,APROVAR,0.0240000000,60,0.1500000000
P002556,0.0784017875,5,NEGAR,,,
P002557,0.0224982133,9,APROVAR,0.0230000000,60,0.1000000000
P002558,0.1503186400,3,NEGAR,,,
P002559,0.1007455477,4,NEGAR,,,
P002560,0.0208508619,9,APROVAR,0.0230000000,60,0.1000000000
P002561,0.1005259030,4,NEGAR,,,
P002562,0.3432476119,2,NEGAR,,,
P002563,0.0936016158,5,NEGAR,,,
P002564,0.1433443406,4,NEGAR,,,
P002565,0.0322792869,9,APROVAR,0.0230000000,60,0.1000000000
P002566,0.1825985190,3,NEGAR,,,
P002567,0.1846540785,3,NEGAR,,,
P002568,0.2404645283,2,NEGAR,,,
P002569,0.0543234874,7,APROVAR,0.0250000000,60,0.1500000000
P002570,0.0399838831,8,APROVAR,0.0240000000,60,0.1500000000
P002571,0.0538518728,7,APROVAR,0.0250000000,60,0.1500000000
P002572,0.2608178205,2,NEGAR,,,
P002573,0.0900829871,5,NEGAR,,,
P002574,0.0291107878,9,APROVAR,0.0230000000,60,0.1000000000
P002575,0.0188497822,10,APROVAR,0.0225000000,60,0.1000000000
P002576,0.2938151982,2,NEGAR,,,
P002577,0.1421661308,4,NEGAR,,,
P002578,0.0815210034,5,NEGAR,,,
P002579,0.3007194316,2,NEGAR,,,
P002580,0.2026758738,3,NEGAR,,,
P002581,0.1049645148,4,NEGAR,,,
P002582,0.1039370414,4,NEGAR,,,
P002583,0.1343259361,4,NEGAR,,,
P002584,0.4752019609,1,NEGAR,,,
P002585,0.0417554339,8,APROVAR,0.0240000000,60,0.1500000000
P002586,0.0737830651,6,APROVAR,0.0260000000,48,0.2000000000
P002587,0.0527667657,7,APROVAR,0.0250000000,60,0.1500000000
P002588,0.2641233647,2,NEGAR,,,
P002589,0.0304381063,9,APROVAR,0.0230000000,60,0.1000000000
P002590,0.0731712101,6,APROVAR,0.0260000000,48,0.2000000000
P002591,0.0369812385,8,APROVAR,0.0240000000,60,0.1500000000
P002592,0.0368455043,8,APROVAR,0.0240000000,60,0.1500000000
P002593,0.0449660948,8,APROVAR,0.0240000000,60,0.1500000000
P002594,0.0484381597,8,APROVAR,0.0240000000,60,0.1500000000
P002595,0.2274512448,2,NEGAR,,,
P002596,0.0891354015,5,NEGAR,,,
P002597,0.0319910272,9,APROVAR,0.0230000000,60,0.1000000000
P002598,0.2249191782,2,NEGAR,,,
P002599,0.0462079056,8,APROVAR,0.0240000000,60,0.1500000000
P002600,0.0400177796,8,APROVAR,0.0240000000,60,0.1500000000
P002601,0.2146109172,3,NEGAR,,,
P002602,0.0257025291,9,APROVAR,0.0230000000,60,0.1000000000
P002603,0.0397814557,8,APROVAR,0.0240000000,60,0.1500000000
P002604,0.0412480847,8,APROVAR,0.0240000000,60,0.1500000000
P002605,0.0423566556,8,APROVAR,0.0240000000,60,0.1500000000
P002606,0.0496282259,8,APROVAR,0.0240000000,60,0.1500000000
P002607,0.2279782279,2,NEGAR,,,
P002608,0.2980528500,2,NEGAR,,,
P002609,0.0577483448,7,APROVAR,0.0250000000,60,0.1500000000
P002610,0.0564676285,7,APROVAR,0.0250000000,60,0.1500000000
P002611,0.0779797156,5,NEGAR,,,
P002612,0.0390508845,8,APROVAR,0.0240000000,60,0.1500000000
P002613,0.3693549734,1,NEGAR,,,
P002614,0.1566731566,3,NEGAR,,,
P002615,0.2490340741,2,NEGAR,,,
P002616,0.3307293872,2,NEGAR,,,
P002617,0.0616529961,6,APROVAR,0.0260000000,48,0.2000000000
P002618,0.0348445925,9,APROVAR,0.0230000000,60,0.1000000000
P002619,0.0577598918,7,APROVAR,0.0250000000,60,0.1500000000
P002620,0.4034413458,1,NEGAR,,,
P002621,0.3646740538,1,NEGAR,,,
P002622,0.0571290717,7,APROVAR,0.0250000000,60,0.1500000000
P002623,0.1881051058,3,NEGAR,,,
P002624,0.1170132194,4,NEGAR,,,
P002625,0.4597665940,1,NEGAR,,,
P002626,0.0358059092,8,APROVAR,0.0240000000,60,0.1500000000
P002627,0.2000087006,3,NEGAR,,,
P002628,0.1162272728,4,NEGAR,,,
P002629,0.2523846034,2,NEGAR,,,
P002630,0.0932973682,5,NEGAR,,,
P002631,0.1291193611,4,NEGAR,,,
P002632,0.0639718323,6,APROVAR,0.0260000000,48,0.2000000000
P002633,0.0799095437,5,NEGAR,,,
P002634,0.2945285970,2,NEGAR,,,
P002635,0.0392236841,8,APROVAR,0.0240000000,60,0.1500000000
P002636,0.1979940388,3,NEGAR,,,
P002637,0.2602092722,2,NEGAR,,,
P002638,0.2408436853,2,NEGAR,,,
P002639,0.0545529059,7,APROVAR,0.0250000000,60,0.1500000000
P002640,0.2387419523,2,NEGAR,,,
P002641,0.0497914670,8,APROVAR,0.0240000000,60,0.1500000000
P002642,0.3005769052,2,NEGAR,,,
P002643,0.0891171384,5,NEGAR,,,
P002644,0.2989970425,2,NEGAR,,,
P002645,0.0306240676,9,APROVAR,0.0230000000,60,0.1000000000
P002646,0.0631722777,6,APROVAR,0.0260000000,48,0.2000000000
P002647,0.0341558904,9,APROVAR,0.0230000000,60,0.1000000000
P002648,0.1951590796,3,NEGAR,,,
P002649,0.0407829202,8,APROVAR,0.0240000000,60,0.1500000000
P002650,0.0316262441,9,APROVAR,0.0230000000,60,0.1000000000
P002651,0.0242808122,9,APROVAR,0.0230000000,60,0.1000000000
P002652,0.0318479958,9,APROVAR,0.0230000000,60,0.1000000000
P002653,0.0306430223,9,APROVAR,0.0230000000,60,0.1000000000
P002654,0.0652010724,6,APROVAR,0.0260000000,48,0.2000000000
P002655,0.0812029097,5,NEGAR,,,
P002656,0.2576630878,2,NEGAR,,,
P002657,0.0334476231,9,APROVAR,0.0230000000,60,0.1000000000
P002658,0.1187449224,4,NEGAR,,,
P002659,0.0490929347,8,APROVAR,0.0240000000,60,0.1500000000
P002660,0.0507404735,7,APROVAR,0.0250000000,60,0.1500000000
P002661,0.0734579084,6,APROVAR,0.0260000000,48,0.2000000000
P002662,0.0682971092,6,APROVAR,0.0260000000,48,0.2000000000
P002663,0.0297978477,9,APROVAR,0.0230000000,60,0.1000000000
P002664,0.0305063726,9,APROVAR,0.0230000000,60,0.1000000000
P002665,0.0930278724,5,NEGAR,,,
P002666,0.0215725924,9,APROVAR,0.0230000000,60,0.1000000000
P002667,0.2779068745,2,NEGAR,,,
P002668,0.2015792446,3,NEGAR,,,
P002669,0.0392855836,8,APROVAR,0.0240000000,60,0.1500000000
P002670,0.0335013450,9,APROVAR,0.0230000000,60,0.1000000000
P002671,0.0901485914,5,NEGAR,,,
P002672,0.0474843244,8,APROVAR,0.0240000000,60,0.1500000000
P002673,0.0273333429,9,APROVAR,0.0230000000,60,0.1000000000
P002674,0.4337642188,1,NEGAR,,,
P002675,0.3719240588,1,NEGAR,,,
P002676,0.0387117094,8,APROVAR,0.0240000000,60,0.1500000000
P002677,0.3039031298,2,NEGAR,,,
P002678,0.0369365856,8,APROVAR,0.0240000000,60,0.1500000000
P002679,0.1171203462,4,NEGAR,,,
P002680,0.0494161194,8,APROVAR,0.0240000000,60,0.1500000000
P002681,0.0872555093,5,NEGAR,,,
P002682,0.3571683610,1,NEGAR,,,
P002683,0.2751592014,2,NEGAR,,,
P002684,0.0799320420,5,NEGAR,,,
P002685,0.1946697857,3,NEGAR,,,
P002686,0.3434237011,2,NEGAR,,,
P002687,0.0458623297,8,APROVAR,0.0240000000,60,0.1500000000
P002688,0.0996769612,5,NEGAR,,,
P002689,0.2931647468,2,NEGAR,,,
P002690,0.0380827805,8,APROVAR,0.0240000000,60,0.1500000000
P002691,0.0472104243,8,APROVAR,0.0240000000,60,0.1500000000
P002692,0.2042058989,3,NEGAR,,,
P002693,0.0784094968,5,NEGAR,,,
P002694,0.0809740784,5,NEGAR,,,
P002695,0.1800473549,3,NEGAR,,,
P002696,0.0367575338,8,APROVAR,0.0240000000,60,0.1500000000
P002697,0.0230530532,9,APROVAR,0.0230000000,60,0.1000000000
P002698,0.0549699211,7,APROVAR,0.0250000000,60,0.1500000000
P002699,0.0354120576,8,APROVAR,0.0240000000,60,0.1500000000
P002700,0.0416290787,8,APROVAR,0.0240000000,60,0.1500000000
P002701,0.3120194934,2,NEGAR,,,
P002702,0.0510896134,7,APROVAR,0.0250000000,60,0.1500000000
P002703,0.2782505182,2,NEGAR,,,
P002704,0.0395491463,8,APROVAR,0.0240000000,60,0.1500000000
P002705,0.0763398383,5,NEGAR,,,
P002706,0.1837156691,3,NEGAR,,,
P002707,0.0405016101,8,APROVAR,0.0240000000,60,0.1500000000
P002708,0.0497010462,8,APROVAR,0.0240000000,60,0.1500000000
P002709,0.0318841279,9,APROVAR,0.0230000000,60,0.1000000000
P002710,0.0301906070,9,APROVAR,0.0230000000,60,0.1000000000
P002711,0.0361823555,8,APROVAR,0.0240000000,60,0.1500000000
P002712,0.1559935055,3,NEGAR,,,
P002713,0.0350870976,8,APROVAR,0.0240000000,60,0.1500000000
P002714,0.0352252093,8,APROVAR,0.0240000000,60,0.1500000000
P002715,0.1265663677,4,NEGAR,,,
P002716,0.0253889040,9,APROVAR,0.0230000000,60,0.1000000000
P002717,0.2882679136,2,NEGAR,,,
P002718,0.2457694750,2,NEGAR,,,
P002719,0.0414772276,8,APROVAR,0.0240000000,60,0.1500000000
P002720,0.2230658539,2,NEGAR,,,
P002721,0.0327088379,9,APROVAR,0.0230000000,60,0.1000000000
P002722,0.1417592149,4,NEGAR,,,
P002723,0.0822540934,5,NEGAR,,,
P002724,0.0706854665,6,APROVAR,0.0260000000,48,0.2000000000
P002725,0.1377210433,4,NEGAR,,,
P002726,0.0351293631,8,APROVAR,0.0240000000,60,0.1500000000
P002727,0.0611141374,6,APROVAR,0.0260000000,48,0.2000000000
P002728,0.0435375134,8,APROVAR,0.0240000000,60,0.1500000000
P002729,0.0377054781,8,APROVAR,0.0240000000,60,0.1500000000
P002730,0.0415106098,8,APROVAR,0.0240000000,60,0.1500000000
P002731,0.1231983898,4,NEGAR,,,
P002732,0.0213249218,9,APROVAR,0.0230000000,60,0.1000000000
P002733,0.1331177880,4,NEGAR,,,
P002734,0.1291883469,4,NEGAR,,,
P002735,0.2246519605,2,NEGAR,,,
P002736,0.0232027332,9,APROVAR,0.0230000000,60,0.1000000000
P002737,0.0515373494,7,APROVAR,0.0250000000,60,0.1500000000
P002738,0.0491949982,8,APROVAR,0.0240000000,60,0.1500000000
P002739,0.1582673411,3,NEGAR,,,
P002740,0.0803419593,5,NEGAR,,,
P002741,0.2939909977,2,NEGAR,,,
P002742,0.2643811629,2,NEGAR,,,
P002743,0.1499261992,4,NEGAR,,,
P002744,0.0456825784,8,APROVAR,0.0240000000,60,0.1500000000
P002745,0.3019855934,2,NEGAR,,,
P002746,0.1156329331,4,NEGAR,,,
P002747,0.1616673236,3,NEGAR,,,
P002748,0.2137592206,3,NEGAR,,,
P002749,0.1623070761,3,NEGAR,,,
P002750,0.3549006418,1,NEGAR,,,
P002751,0.0433575322,8,APROVAR,0.0240000000,60,0.1500000000
P002752,0.0341005153,9,APROVAR,0.0230000000,60,0.1000000000
P002753,0.0330389464,9,APROVAR,0.0230000000,60,0.1000000000
P002754,0.0681566743,6,APROVAR,0.0260000000,48,0.2000000000
P002755,0.0345666633,9,APROVAR,0.0230000000,60,0.1000000000
P002756,0.0328746498,9,APROVAR,0.0230000000,60,0.1000000000
P002757,0.0314936791,9,APROVAR,0.0230000000,60,0.1000000000
P002758,0.0295339991,9,APROVAR,0.0230000000,60,0.1000000000
P002759,0.0303033943,9,APROVAR,0.0230000000,60,0.1000000000
P002760,0.0426008921,8,APROVAR,0.0240000000,60,0.1500000000
P002761,0.0343059033,9,APROVAR,0.0230000000,60,0.1000000000
P002762,0.0397440643,8,APROVAR,0.0240000000,60,0.1500000000
P002763,0.0222646870,9,APROVAR,0.0230000000,60,0.1000000000
P002764,0.0658485370,6,APROVAR,0.0260000000,48,0.2000000000
P002765,0.0541366704,7,APROVAR,0.0250000000,60,0.1500000000
P002766,0.0800903508,5,NEGAR,,,
P002767,0.2599773818,2,NEGAR,,,
P002768,0.3482048265,2,NEGAR,,,
P002769,0.2681387456,2,NEGAR,,,
P002770,0.1741985586,3,NEGAR,,,
P002771,0.2591926758,2,NEGAR,,,
P002772,0.2298080455,2,NEGAR,,,
P002773,0.0177455184,10,APROVAR,0.0225000000,60,0.1000000000
P002774,0.0442058437,8,APROVAR,0.0240000000,60,0.1500000000
P002775,0.3521448981,1,NEGAR,,,
P002776,0.0877044609,5,NEGAR,,,
P002777,0.3592997250,1,NEGAR,,,
P002778,0.0419537783,8,APROVAR,0.0240000000,60,0.1500000000
P002779,0.0772634441,5,NEGAR,,,
P002780,0.1862512472,3,NEGAR,,,
P002781,0.0430345490,8,APROVAR,0.0240000000,60,0.1500000000
P002782,0.1556795816,3,NEGAR,,,
P002783,0.1649538594,3,NEGAR,,,
P002784,0.1064312693,4,NEGAR,,,
P002785,0.0730566353,6,APROVAR,0.0260000000,48,0.2000000000
P002786,0.0372610005,8,APROVAR,0.0240000000,60,0.1500000000
P002787,0.0462231682,8,APROVAR,0.0240000000,60,0.1500000000
P002788,0.5361117832,1,NEGAR,,,
P002789,0.0840287004,5,NEGAR,,,
P002790,0.0741982951,6,APROVAR,0.0260000000,48,0.2000000000
P002791,0.0775223411,5,NEGAR,,,
P002792,0.0411793075,8,APROVAR,0.0240000000,60,0.1500000000
P002793,0.0308630156,9,APROVAR,0.0230000000,60,0.1000000000
P002794,0.0295751703,9,APROVAR,0.0230000000,60,0.1000000000
P002795,0.0840828761,5,NEGAR,,,
P002796,0.3319705377,2,NEGAR,,,
P002797,0.0295645576,9,APROVAR,0.0230000000,60,0.1000000000
P002798,0.0501350367,7,APROVAR,0.0250000000,60,0.1500000000
P002799,0.1635520675,3,NEGAR,,,
P002800,0.0947350823,5,NEGAR,,,
P002801,0.2650004122,2,NEGAR,,,
P002802,0.6306996002,1,NEGAR,,,
P002803,0.0300470117,9,APROVAR,0.0230000000,60,0.1000000000
P002804,0.0286731706,9,APROVAR,0.0230000000,60,0.1000000000
P002805,0.1876520503,3,NEGAR,,,
P002806,0.1125793551,4,NEGAR,,,
P002807,0.0718198185,6,APROVAR,0.0260000000,48,0.2000000000
P002808,0.4063715287,1,NEGAR,,,
P002809,0.1867911249,3,NEGAR,,,
P002810,0.1522244304,3,NEGAR,,,
P002811,0.4674798381,1,NEGAR,,,
P002812,0.2380993448,2,NEGAR,,,
P002813,0.0384267241,8,APROVAR,0.0240000000,60,0.1500000000
P002814,0.1497966549,4,NEGAR,,,
P002815,0.0387951627,8,APROVAR,0.0240000000,60,0.1500000000
P002816,0.0358710318,8,APROVAR,0.0240000000,60,0.1500000000
P002817,0.1235142998,4,NEGAR,,,
P002818,0.1610753483,3,NEGAR,,,
P002819,0.1621857364,3,NEGAR,,,
P002820,0.1200604099,4,NEGAR,,,
P002821,0.0303803740,9,APROVAR,0.0230000000,60,0.1000000000
P002822,0.4003945833,1,NEGAR,,,
P002823,0.1462446852,4,NEGAR,,,
P002824,0.0274634535,9,APROVAR,0.0230000000,60,0.1000000000
P002825,0.0889448638,5,NEGAR,,,
P002826,0.0751298856,5,NEGAR,,,
P002827,0.4495659749,1,NEGAR,,,
P002828,0.2981308946,2,NEGAR,,,
P002829,0.4306443252,1,NEGAR,,,
P002830,0.0339235350,9,APROVAR,0.0230000000,60,0.1000000000
P002831,0.1981214778,3,NEGAR,,,
P002832,0.1046437470,4,NEGAR,,,
P002833,0.0514143996,7,APROVAR,0.0250000000,60,0.1500000000
P002834,0.3672478052,1,NEGAR,,,
P002835,0.0574821025,7,APROVAR,0.0250000000,60,0.1500000000
P002836,0.0487975925,8,APROVAR,0.0240000000,60,0.1500000000
P002837,0.0279988455,9,APROVAR,0.0230000000,60,0.1000000000
P002838,0.2063666088,3,NEGAR,,,
P002839,0.1430490708,4,NEGAR,,,
P002840,0.0348189405,9,APROVAR,0.0230000000,60,0.1000000000
P002841,0.2598082526,2,NEGAR,,,
P002842,0.0727718765,6,APROVAR,0.0260000000,48,0.2000000000
P002843,0.0507825487,7,APROVAR,0.0250000000,60,0.1500000000
P002844,0.0850743811,5,NEGAR,,,
P002845,0.0489819631,8,APROVAR,0.0240000000,60,0.1500000000
P002846,0.0749492320,6,APROVAR,0.0260000000,48,0.2000000000
P002847,0.0295430603,9,APROVAR,0.0230000000,60,0.1000000000
P002848,0.4780165061,1,NEGAR,,,
P002849,0.1176794513,4,NEGAR,,,
P002850,0.0878798350,5,NEGAR,,,
P002851,0.0467748662,8,APROVAR,0.0240000000,60,0.1500000000
P002852,0.0407437794,8,APROVAR,0.0240000000,60,0.1500000000
P002853,0.0484696897,8,APROVAR,0.0240000000,60,0.1500000000
P002854,0.1193535032,4,NEGAR,,,
P002855,0.3244732348,2,NEGAR,,,
P002856,0.3239719401,2,NEGAR,,,
P002857,0.2199070486,3,NEGAR,,,
P002858,0.0503749787,7,APROVAR,0.0250000000,60,0.1500000000
P002859,0.2592464824,2,NEGAR,,,
P002860,0.1793679032,3,NEGAR,,,
P002861,0.0965613017,5,NEGAR,,,
P002862,0.0312056947,9,APROVAR,0.0230000000,60,0.1000000000
P002863,0.4773579066,1,NEGAR,,,
P002864,0.1093273040,4,NEGAR,,,
P002865,0.1599520037,3,NEGAR,,,
P002866,0.3294199365,2,NEGAR,,,
P002867,0.1497422678,4,NEGAR,,,
P002868,0.0278337907,9,APROVAR,0.0230000000,60,0.1000000000
P002869,0.3247638012,2,NEGAR,,,
P002870,0.0529248403,7,APROVAR,0.0250000000,60,0.1500000000
P002871,0.0280172703,9,APROVAR,0.0230000000,60,0.1000000000
P002872,0.1424893437,4,NEGAR,,,
P002873,0.4667536101,1,NEGAR,,,
P002874,0.0371343578,8,APROVAR,0.0240000000,60,0.1500000000
P002875,0.0306833433,9,APROVAR,0.0230000000,60,0.1000000000
P002876,0.2327724889,2,NEGAR,,,
P002877,0.0799449132,5,NEGAR,,,
P002878,0.4725213016,1,NEGAR,,,
P002879,0.2838659785,2,NEGAR,,,
P002880,0.0927495755,5,NEGAR,,,
P002881,0.0755924259,5,NEGAR,,,
P002882,0.4550563610,1,NEGAR,,,
P002883,0.0639301789,6,APROVAR,0.0260000000,48,0.2000000000
P002884,0.0438069568,8,APROVAR,0.0240000000,60,0.1500000000
P002885,0.0510679536,7,APROVAR,0.0250000000,60,0.1500000000
P002886,0.4633557383,1,NEGAR,,,
P002887,0.2763479504,2,NEGAR,,,
P002888,0.1953853494,3,NEGAR,,,
P002889,0.0640602353,6,APROVAR,0.0260000000,48,0.2000000000
P002890,0.1326637159,4,NEGAR,,,
P002891,0.0344424377,9,APROVAR,0.0230000000,60,0.1000000000
P002892,0.0376149849,8,APROVAR,0.0240000000,60,0.1500000000
P002893,0.4443605066,1,NEGAR,,,
P002894,0.4262794650,1,NEGAR,,,
P002895,0.2614644583,2,NEGAR,,,
P002896,0.0853456657,5,NEGAR,,,
P002897,0.1272675588,4,NEGAR,,,
P002898,0.2625073686,2,NEGAR,,,
P002899,0.1805824588,3,NEGAR,,,
P002900,0.0884842775,5,NEGAR,,,
P002901,0.0875984626,5,NEGAR,,,
P002902,0.0491693144,8,APROVAR,0.0240000000,60,0.1500000000
P002903,0.1661494090,3,NEGAR,,,
P002904,0.2185282497,3,NEGAR,,,
P002905,0.1179761220,4,NEGAR,,,
P002906,0.1464920107,4,NEGAR,,,
P002907,0.1041308483,4,NEGAR,,,
P002908,0.0405784651,8,APROVAR,0.0240000000,60,0.1500000000
P002909,0.0812651019,5,NEGAR,,,
P002910,0.3789450723,1,NEGAR,,,
P002911,0.2089312533,3,NEGAR,,,
P002912,0.0301218282,9,APROVAR,0.0230000000,60,0.1000000000
P002913,0.0186541636,10,APROVAR,0.0225000000,60,0.1000000000
P002914,0.0423459798,8,APROVAR,0.0240000000,60,0.1500000000
P002915,0.1905127210,3,NEGAR,,,
P002916,0.0279693464,9,APROVAR,0.0230000000,60,0.1000000000
P002917,0.1424966191,4,NEGAR,,,
P002918,0.1832806904,3,NEGAR,,,
P002919,0.2946630526,2,NEGAR,,,
P002920,0.0281389979,9,APROVAR,0.0230000000,60,0.1000000000
P002921,0.0373214942,8,APROVAR,0.0240000000,60,0.1500000000
P002922,0.0280302116,9,APROVAR,0.0230000000,60,0.1000000000
P002923,0.4082732146,1,NEGAR,,,
P002924,0.2536738560,2,NEGAR,,,
P002925,0.0862520810,5,NEGAR,,,
P002926,0.3017407684,2,NEGAR,,,
P002927,0.2612537704,2,NEGAR,,,
P002928,0.0818813214,5,NEGAR,,,
P002929,0.0542164758,7,APROVAR,0.0250000000,60,0.1500000000
P002930,0.0225039799,9,APROVAR,0.0230000000,60,0.1000000000
P002931,0.0427698892,8,APROVAR,0.0240000000,60,0.1500000000
P002932,0.2796038870,2,NEGAR,,,
P002933,0.0304676772,9,APROVAR,0.0230000000,60,0.1000000000
P002934,0.0237040880,9,APROVAR,0.0230000000,60,0.1000000000
P002935,0.0200612017,9,APROVAR,0.0230000000,60,0.1000000000
P002936,0.1694964972,3,NEGAR,,,
P002937,0.0286863034,9,APROVAR,0.0230000000,60,0.1000000000
P002938,0.0361011457,8,APROVAR,0.0240000000,60,0.1500000000
P002939,0.1655946974,3,NEGAR,,,
P002940,0.1621940313,3,NEGAR,,,
P002941,0.1656158448,3,NEGAR,,,
P002942,0.0697937923,6,APROVAR,0.0260000000,48,0.2000000000
P002943,0.3055848012,2,NEGAR,,,
P002944,0.1219229523,4,NEGAR,,,
P002945,0.0408061969,8,APROVAR,0.0240000000,60,0.1500000000
P002946,0.0693072357,6,APROVAR,0.0260000000,48,0.2000000000
P002947,0.0210111762,9,APROVAR,0.0230000000,60,0.1000000000
P002948,0.0267982289,9,APROVAR,0.0230000000,60,0.1000000000
P002949,0.0265380520,9,APROVAR,0.0230000000,60,0.1000000000
P002950,0.0230007128,9,APROVAR,0.0230000000,60,0.1000000000
P002951,0.3029501003,2,NEGAR,,,
P002952,0.2957644630,2,NEGAR,,,
P002953,0.0784981719,5,NEGAR,,,
P002954,0.0451158351,8,APROVAR,0.0240000000,60,0.1500000000
P002955,0.2234276358,2,NEGAR,,,
P002956,0.0505808023,7,APROVAR,0.0250000000,60,0.1500000000
P002957,0.0434558478,8,APROVAR,0.0240000000,60,0.1500000000
P002958,0.2374306144,2,NEGAR,,,
P002959,0.0475257781,8,APROVAR,0.0240000000,60,0.1500000000
P002960,0.1316423660,4,NEGAR,,,
P002961,0.0318034009,9,APROVAR,0.0230000000,60,0.1000000000
P002962,0.1390420737,4,NEGAR,,,
P002963,0.1332522071,4,NEGAR,,,
P002964,0.0376639381,8,APROVAR,0.0240000000,60,0.1500000000
P002965,0.0967557155,5,NEGAR,,,
P002966,0.0346586345,9,APROVAR,0.0230000000,60,0.1000000000
P002967,0.0658676919,6,APROVAR,0.0260000000,48,0.2000000000
P002968,0.3323790065,2,NEGAR,,,
P002969,0.3997158386,1,NEGAR,,,
P002970,0.3249864482,2,NEGAR,,,
P002971,0.3029449511,2,NEGAR,,,
P002972,0.0778164386,5,NEGAR,,,
P002973,0.1577012362,3,NEGAR,,,
P002974,0.0499081422,8,APROVAR,0.0240000000,60,0.1500000000
P002975,0.0341327253,9,APROVAR,0.0230000000,60,0.1000000000
P002976,0.3564146085,1,NEGAR,,,
P002977,0.3193180516,2,NEGAR,,,
P002978,0.0488312601,8,APROVAR,0.0240000000,60,0.1500000000
P002979,0.2481163825,2,NEGAR,,,
P002980,0.0369028698,8,APROVAR,0.0240000000,60,0.1500000000
P002981,0.2055850711,3,NEGAR,,,
P002982,0.0873679469,5,NEGAR,,,
P002983,0.0506943626,7,APROVAR,0.0250000000,60,0.1500000000
P002984,0.0859453812,5,NEGAR,,,
P002985,0.0353198570,8,APROVAR,0.0240000000,60,0.1500000000
P002986,0.4165916285,1,NEGAR,,,
P002987,0.0798394518,5,NEGAR,,,
P002988,0.2910137749,2,NEGAR,,,
P002989,0.2500657455,2,NEGAR,,,
P002990,0.3239053258,2,NEGAR,,,
P002991,0.0553051271,7,APROVAR,0.0250000000,60,0.1500000000
P002992,0.0645676630,6,APROVAR,0.0260000000,48,0.2000000000
P002993,0.1704075545,3,NEGAR,,,
P002994,0.2280734976,2,NEGAR,,,
P002995,0.1405336048,4,NEGAR,,,
P002996,0.0457594034,8,APROVAR,0.0240000000,60,0.1500000000
P002997,0.1589382271,3,NEGAR,,,
P002998,0.2465978822,2,NEGAR,,,
P002999,0.2149754910,3,NEGAR,,,
P003000,0.0354202392,8,APROVAR,0.0240000000,60,0.1500000000
P003001,0.1997401595,3,NEGAR,,,
P003002,0.0402289920,8,APROVAR,0.0240000000,60,0.1500000000
P003003,0.2063295154,3,NEGAR,,,
P003004,0.5262659408,1,NEGAR,,,
P003005,0.0469329807,8,APROVAR,0.0240000000,60,0.1500000000
P003006,0.0294749082,9,APROVAR,0.0230000000,60,0.1000000000
P003007,0.0313757624,9,APROVAR,0.0230000000,60,0.1000000000
P003008,0.0447727813,8,APROVAR,0.0240000000,60,0.1500000000
P003009,0.0341529642,9,APROVAR,0.0230000000,60,0.1000000000
P003010,0.0530021568,7,APROVAR,0.0250000000,60,0.1500000000
P003011,0.0898630951,5,NEGAR,,,
P003012,0.0378600258,8,APROVAR,0.0240000000,60,0.1500000000
P003013,0.0391800408,8,APROVAR,0.0240000000,60,0.1500000000
P003014,0.2241457738,2,NEGAR,,,
P003015,0.2928795749,2,NEGAR,,,
P003016,0.2708526117,2,NEGAR,,,
P003017,0.0609363741,6,APROVAR,0.0260000000,48,0.2000000000
P003018,0.4136975014,1,NEGAR,,,
P003019,0.2455432235,2,NEGAR,,,
P003020,0.0410307868,8,APROVAR,0.0240000000,60,0.1500000000
P003021,0.1003927838,4,NEGAR,,,
P003022,0.0922615606,5,NEGAR,,,
P003023,0.0664184780,6,APROVAR,0.0260000000,48,0.2000000000
P003024,0.0321312279,9,APROVAR,0.0230000000,60,0.1000000000
P003025,0.0385295999,8,APROVAR,0.0240000000,60,0.1500000000
P003026,0.1643526374,3,NEGAR,,,
P003027,0.0675972264,6,APROVAR,0.0260000000,48,0.2000000000
P003028,0.5958387532,1,NEGAR,,,
P003029,0.1318384241,4,NEGAR,,,
P003030,0.0436494845,8,APROVAR,0.0240000000,60,0.1500000000
P003031,0.0402252091,8,APROVAR,0.0240000000,60,0.1500000000
P003032,0.1076330210,4,NEGAR,,,
P003033,0.0884458409,5,NEGAR,,,
P003034,0.0313623786,9,APROVAR,0.0230000000,60,0.1000000000
P003035,0.4758070822,1,NEGAR,,,
P003036,0.0577900858,7,APROVAR,0.0250000000,60,0.1500000000
P003037,0.0188103550,10,APROVAR,0.0225000000,60,0.1000000000
P003038,0.3084715317,2,NEGAR,,,
P003039,0.0462883551,8,APROVAR,0.0240000000,60,0.1500000000
P003040,0.0520016258,7,APROVAR,0.0250000000,60,0.1500000000
P003041,0.4203931374,1,NEGAR,,,
P003042,0.4360245348,1,NEGAR,,,
P003043,0.0513802818,7,APROVAR,0.0250000000,60,0.1500000000
P003044,0.0583205766,7,APROVAR,0.0250000000,60,0.1500000000
P003045,0.1179368219,4,NEGAR,,,
P003046,0.0635563166,6,APROVAR,0.0260000000,48,0.2000000000
P003047,0.3315257040,2,NEGAR,,,
P003048,0.0606175764,6,APROVAR,0.0260000000,48,0.2000000000
P003049,0.0449584174,8,APROVAR,0.0240000000,60,0.1500000000
P003050,0.0386626109,8,APROVAR,0.0240000000,60,0.1500000000
P003051,0.3794499373,1,NEGAR,,,
P003052,0.0182458223,10,APROVAR,0.0225000000,60,0.1000000000
P003053,0.0316037389,9,APROVAR,0.0230000000,60,0.1000000000
P003054,0.0426008718,8,APROVAR,0.0240000000,60,0.1500000000
P003055,0.3154489678,2,NEGAR,,,
P003056,0.3368809669,2,NEGAR,,,
P003057,0.0303127001,9,APROVAR,0.0230000000,60,0.1000000000
P003058,0.0329973481,9,APROVAR,0.0230000000,60,0.1000000000
P003059,0.0434325198,8,APROVAR,0.0240000000,60,0.1500000000
P003060,0.0355844995,8,APROVAR,0.0240000000,60,0.1500000000
P003061,0.1105971469,4,NEGAR,,,
P003062,0.2482498265,2,NEGAR,,,
P003063,0.0254666869,9,APROVAR,0.0230000000,60,0.1000000000
P003064,0.0782507927,5,NEGAR,,,
P003065,0.0647291676,6,APROVAR,0.0260000000,48,0.2000000000
P003066,0.0603616759,6,APROVAR,0.0260000000,48,0.2000000000
P003067,0.0960530674,5,NEGAR,,,
P003068,0.2713910579,2,NEGAR,,,
P003069,0.0238013303,9,APROVAR,0.0230000000,60,0.1000000000
P003070,0.3049309891,2,NEGAR,,,
P003071,0.0796179634,5,NEGAR,,,
P003072,0.1566637417,3,NEGAR,,,
P003073,0.0907504574,5,NEGAR,,,
P003074,0.2386172875,2,NEGAR,,,
P003075,0.0708453658,6,APROVAR,0.0260000000,48,0.2000000000
P003076,0.1811813120,3,NEGAR,,,
P003077,0.2579866779,2,NEGAR,,,
P003078,0.4162908294,1,NEGAR,,,
P003079,0.2852175737,2,NEGAR,,,
P003080,0.0325413502,9,APROVAR,0.0230000000,60,0.1000000000
P003081,0.1013191609,4,NEGAR,,,
P003082,0.0478017250,8,APROVAR,0.0240000000,60,0.1500000000
P003083,0.0397710528,8,APROVAR,0.0240000000,60,0.1500000000
P003084,0.3361662068,2,NEGAR,,,
P003085,0.0535441709,7,APROVAR,0.0250000000,60,0.1500000000
P003086,0.0867143269,5,NEGAR,,,
P003087,0.0597570922,7,APROVAR,0.0250000000,60,0.1500000000
P003088,0.1585437654,3,NEGAR,,,
P003089,0.0549047953,7,APROVAR,0.0250000000,60,0.1500000000
P003090,0.4953404629,1,NEGAR,,,
P003091,0.0240061972,9,APROVAR,0.0230000000,60,0.1000000000
P003092,0.4010003661,1,NEGAR,,,
P003093,0.0316154149,9,APROVAR,0.0230000000,60,0.1000000000
P003094,0.0785013604,5,NEGAR,,,
P003095,0.0691615099,6,APROVAR,0.0260000000,48,0.2000000000
P003096,0.3468961011,2,NEGAR,,,
P003097,0.0391728406,8,APROVAR,0.0240000000,60,0.1500000000
P003098,0.0786099595,5,NEGAR,,,
P003099,0.0635291127,6,APROVAR,0.0260000000,48,0.2000000000
P003100,0.1737077133,3,NEGAR,,,
P003101,0.0405881357,8,APROVAR,0.0240000000,60,0.1500000000
P003102,0.4486753062,1,NEGAR,,,
P003103,0.4141510308,1,NEGAR,,,
P003104,0.2097996882,3,NEGAR,,,
P003105,0.0463622986,8,APROVAR,0.0240000000,60,0.1500000000
P003106,0.0365616526,8,APROVAR,0.0240000000,60,0.1500000000
P003107,0.1009644680,4,NEGAR,,,
P003108,0.1779688952,3,NEGAR,,,
P003109,0.1606615650,3,NEGAR,,,
P003110,0.0537543630,7,APROVAR,0.0250000000,60,0.1500000000
P003111,0.1532885802,3,NEGAR,,,
P003112,0.0651283073,6,APROVAR,0.0260000000,48,0.2000000000
P003113,0.1238469374,4,NEGAR,,,
P003114,0.0300834464,9,APROVAR,0.0230000000,60,0.1000000000
P003115,0.0195843085,10,APROVAR,0.0225000000,60,0.1000000000
P003116,0.1302057551,4,NEGAR,,,
P003117,0.0518283211,7,APROVAR,0.0250000000,60,0.1500000000
P003118,0.2865410853,2,NEGAR,,,
P003119,0.2421918339,2,NEGAR,,,
P003120,0.0402398211,8,APROVAR,0.0240000000,60,0.1500000000
P003121,0.2982268478,2,NEGAR,,,
P003122,0.0363482061,8,APROVAR,0.0240000000,60,0.1500000000
P003123,0.4500890532,1,NEGAR,,,
P003124,0.3125626345,2,NEGAR,,,
P003125,0.0337388528,9,APROVAR,0.0230000000,60,0.1000000000
P003126,0.0926420616,5,NEGAR,,,
P003127,0.2595404137,2,NEGAR,,,
P003128,0.3233046287,2,NEGAR,,,
P003129,0.0458552057,8,APROVAR,0.0240000000,60,0.1500000000
P003130,0.0401065896,8,APROVAR,0.0240000000,60,0.1500000000
P003131,0.1348788828,4,NEGAR,,,
P003132,0.0455871675,8,APROVAR,0.0240000000,60,0.1500000000
P003133,0.0700150007,6,APROVAR,0.0260000000,48,0.2000000000
P003134,0.3997018633,1,NEGAR,,,
P003135,0.0390639201,8,APROVAR,0.0240000000,60,0.1500000000
P003136,0.1819413173,3,NEGAR,,,
P003137,0.0523672262,7,APROVAR,0.0250000000,60,0.1500000000
P003138,0.1547363327,3,NEGAR,,,
P003139,0.1547974691,3,NEGAR,,,
P003140,0.0653225826,6,APROVAR,0.0260000000,48,0.2000000000
P003141,0.0809064203,5,NEGAR,,,
P003142,0.0547582483,7,APROVAR,0.0250000000,60,0.1500000000
P003143,0.2902958105,2,NEGAR,,,
P003144,0.1880382005,3,NEGAR,,,
P003145,0.0892452817,5,NEGAR,,,
P003146,0.1340698712,4,NEGAR,,,
P003147,0.3699185585,1,NEGAR,,,
P003148,0.1016470296,4,NEGAR,,,
P003149,0.1374298483,4,NEGAR,,,
P003150,0.2055413393,3,NEGAR,,,
P003151,0.0225520915,9,APROVAR,0.0230000000,60,0.1000000000
P003152,0.2484673141,2,NEGAR,,,
P003153,0.2281292747,2,NEGAR,,,
P003154,0.2448048971,2,NEGAR,,,
P003155,0.3317604861,2,NEGAR,,,
P003156,0.3357476288,2,NEGAR,,,
P003157,0.0545799590,7,APROVAR,0.0250000000,60,0.1500000000
P003158,0.0211048701,9,APROVAR,0.0230000000,60,0.1000000000
P003159,0.1296882437,4,NEGAR,,,
P003160,0.0440942867,8,APROVAR,0.0240000000,60,0.1500000000
P003161,0.0522596944,7,APROVAR,0.0250000000,60,0.1500000000
P003162,0.0311155119,9,APROVAR,0.0230000000,60,0.1000000000
P003163,0.2421811321,2,NEGAR,,,
P003164,0.0318639001,9,APROVAR,0.0230000000,60,0.1000000000
P003165,0.1945114502,3,NEGAR,,,
P003166,0.0792976302,5,NEGAR,,,
P003167,0.1957008120,3,NEGAR,,,
P003168,0.0705832944,6,APROVAR,0.0260000000,48,0.2000000000
P003169,0.3299814971,2,NEGAR,,,
P003170,0.0263424272,9,APROVAR,0.0230000000,60,0.1000000000
P003171,0.0882439158,5,NEGAR,,,
P003172,0.0542408111,7,APROVAR,0.0250000000,60,0.1500000000
P003173,0.0371493216,8,APROVAR,0.0240000000,60,0.1500000000
P003174,0.2444088886,2,NEGAR,,,
P003175,0.3616332799,1,NEGAR,,,
P003176,0.0309377174,9,APROVAR,0.0230000000,60,0.1000000000
P003177,0.1691134892,3,NEGAR,,,
P003178,0.4530259587,1,NEGAR,,,
P003179,0.1321595412,4,NEGAR,,,
P003180,0.0750208030,5,NEGAR,,,
P003181,0.0598480748,7,APROVAR,0.0250000000,60,0.1500000000
P003182,0.4159771958,1,NEGAR,,,
P003183,0.1339264599,4,NEGAR,,,
P003184,0.0825583427,5,NEGAR,,,
P003185,0.0281021528,9,APROVAR,0.0230000000,60,0.1000000000
P003186,0.3434355919,2,NEGAR,,,
P003187,0.0681336257,6,APROVAR,0.0260000000,48,0.2000000000
P003188,0.0173991489,10,APROVAR,0.0225000000,60,0.1000000000
P003189,0.0872003200,5,NEGAR,,,
P003190,0.0307181827,9,APROVAR,0.0230000000,60,0.1000000000
P003191,0.2594635402,2,NEGAR,,,
P003192,0.0652080849,6,APROVAR,0.0260000000,48,0.2000000000
P003193,0.2865911222,2,NEGAR,,,
P003194,0.1930670945,3,NEGAR,,,
P003195,0.0553900250,7,APROVAR,0.0250000000,60,0.1500000000
P003196,0.3976435995,1,NEGAR,,,
P003197,0.2672566368,2,NEGAR,,,
P003198,0.0300967648,9,APROVAR,0.0230000000,60,0.1000000000
P003199,0.0538589446,7,APROVAR,0.0250000000,60,0.1500000000
P003200,0.1063583312,4,NEGAR,,,
P003201,0.0413871481,8,APROVAR,0.0240000000,60,0.1500000000
P003202,0.3435300931,2,NEGAR,,,
P003203,0.0927466250,5,NEGAR,,,
P003204,0.2386240108,2,NEGAR,,,
P003205,0.0289065998,9,APROVAR,0.0230000000,60,0.1000000000
P003206,0.2820912730,2,NEGAR,,,
P003207,0.0658710041,6,APROVAR,0.0260000000,48,0.2000000000
P003208,0.0603989799,6,APROVAR,0.0260000000,48,0.2000000000
P003209,0.0327363651,9,APROVAR,0.0230000000,60,0.1000000000
P003210,0.0622859123,6,APROVAR,0.0260000000,48,0.2000000000
P003211,0.0315832134,9,APROVAR,0.0230000000,60,0.1000000000
P003212,0.0275224148,9,APROVAR,0.0230000000,60,0.1000000000
P003213,0.0604598921,6,APROVAR,0.0260000000,48,0.2000000000
P003214,0.0456726859,8,APROVAR,0.0240000000,60,0.1500000000
P003215,0.0578303905,7,APROVAR,0.0250000000,60,0.1500000000
P003216,0.2497421106,2,NEGAR,,,
P003217,0.2857675145,2,NEGAR,,,
P003218,0.0396063450,8,APROVAR,0.0240000000,60,0.1500000000
P003219,0.0567375769,7,APROVAR,0.0250000000,60,0.1500000000
P003220,0.1795000917,3,NEGAR,,,
P003221,0.3890404761,1,NEGAR,,,
P003222,0.4272899483,1,NEGAR,,,
P003223,0.2586388014,2,NEGAR,,,
P003224,0.2398298105,2,NEGAR,,,
P003225,0.0474838281,8,APROVAR,0.0240000000,60,0.1500000000
P003226,0.1104581451,4,NEGAR,,,
P003227,0.1271767651,4,NEGAR,,,
P003228,0.0390763310,8,APROVAR,0.0240000000,60,0.1500000000
P003229,0.0321179033,9,APROVAR,0.0230000000,60,0.1000000000
P003230,0.1039415897,4,NEGAR,,,
P003231,0.0422899304,8,APROVAR,0.0240000000,60,0.1500000000
P003232,0.0330203714,9,APROVAR,0.0230000000,60,0.1000000000
P003233,0.2568687491,2,NEGAR,,,
P003234,0.0459715229,8,APROVAR,0.0240000000,60,0.1500000000
P003235,0.0837828621,5,NEGAR,,,
P003236,0.0270290909,9,APROVAR,0.0230000000,60,0.1000000000
P003237,0.0275337263,9,APROVAR,0.0230000000,60,0.1000000000
P003238,0.0464337796,8,APROVAR,0.0240000000,60,0.1500000000
P003239,0.0414929191,8,APROVAR,0.0240000000,60,0.1500000000
P003240,0.0373997843,8,APROVAR,0.0240000000,60,0.1500000000
P003241,0.0661378651,6,APROVAR,0.0260000000,48,0.2000000000
P003242,0.1371865570,4,NEGAR,,,
P003243,0.1954784835,3,NEGAR,,,
P003244,0.3096627756,2,NEGAR,,,
P003245,0.4207290618,1,NEGAR,,,
P003246,0.3650963245,1,NEGAR,,,
P003247,0.1790603104,3,NEGAR,,,
P003248,0.0745086670,6,APROVAR,0.0260000000,48,0.2000000000
P003249,0.0246518675,9,APROVAR,0.0230000000,60,0.1000000000
P003250,0.0334251626,9,APROVAR,0.0230000000,60,0.1000000000
P003251,0.2932006786,2,NEGAR,,,
P003252,0.0441972948,8,APROVAR,0.0240000000,60,0.1500000000
P003253,0.0820924868,5,NEGAR,,,
P003254,0.1500925700,3,NEGAR,,,
P003255,0.3254430960,2,NEGAR,,,
P003256,0.3362012708,2,NEGAR,,,
P003257,0.0541291803,7,APROVAR,0.0250000000,60,0.1500000000
P003258,0.2608161712,2,NEGAR,,,
P003259,0.2662495300,2,NEGAR,,,
P003260,0.2634341856,2,NEGAR,,,
P003261,0.0636878377,6,APROVAR,0.0260000000,48,0.2000000000
P003262,0.0400069966,8,APROVAR,0.0240000000,60,0.1500000000
P003263,0.0927927643,5,NEGAR,,,
P003264,0.0410488462,8,APROVAR,0.0240000000,60,0.1500000000
P003265,0.1028922111,4,NEGAR,,,
P003266,0.0487051444,8,APROVAR,0.0240000000,60,0.1500000000
P003267,0.1465170999,4,NEGAR,,,
P003268,0.2499067493,2,NEGAR,,,
P003269,0.1265253966,4,NEGAR,,,
P003270,0.0384061167,8,APROVAR,0.0240000000,60,0.1500000000
P003271,0.0550190764,7,APROVAR,0.0250000000,60,0.1500000000
P003272,0.0350870472,8,APROVAR,0.0240000000,60,0.1500000000
P003273,0.0403580615,8,APROVAR,0.0240000000,60,0.1500000000
P003274,0.2244975348,2,NEGAR,,,
P003275,0.0364613178,8,APROVAR,0.0240000000,60,0.1500000000
P003276,0.1702575934,3,NEGAR,,,
P003277,0.0516952584,7,APROVAR,0.0250000000,60,0.1500000000
P003278,0.3409443524,2,NEGAR,,,
P003279,0.0588192466,7,APROVAR,0.0250000000,60,0.1500000000
P003280,0.0760239800,5,NEGAR,,,
P003281,0.2221926630,2,NEGAR,,,
P003282,0.0881918987,5,NEGAR,,,
P003283,0.3381259458,2,NEGAR,,,
P003284,0.0321406666,9,APROVAR,0.0230000000,60,0.1000000000
P003285,0.3912037387,1,NEGAR,,,
P003286,0.1736277372,3,NEGAR,,,
P003287,0.4333816768,1,NEGAR,,,
P003288,0.0363099170,8,APROVAR,0.0240000000,60,0.1500000000
P003289,0.0316431051,9,APROVAR,0.0230000000,60,0.1000000000
P003290,0.0520585081,7,APROVAR,0.0250000000,60,0.1500000000
P003291,0.4087010617,1,NEGAR,,,
P003292,0.0361556663,8,APROVAR,0.0240000000,60,0.1500000000
P003293,0.0768455479,5,NEGAR,,,
P003294,0.2349533991,2,NEGAR,,,
P003295,0.0381768734,8,APROVAR,0.0240000000,60,0.1500000000
P003296,0.2691380918,2,NEGAR,,,
P003297,0.0622788375,6,APROVAR,0.0260000000,48,0.2000000000
P003298,0.1861204419,3,NEGAR,,,
P003299,0.1153894944,4,NEGAR,,,
P003300,0.0476692551,8,APROVAR,0.0240000000,60,0.1500000000
P003301,0.0685153135,6,APROVAR,0.0260000000,48,0.2000000000
P003302,0.1580740499,3,NEGAR,,,
P003303,0.0906542059,5,NEGAR,,,
P003304,0.0732291376,6,APROVAR,0.0260000000,48,0.2000000000
P003305,0.4930674361,1,NEGAR,,,
P003306,0.0347001649,9,APROVAR,0.0230000000,60,0.1000000000
P003307,0.0342947607,9,APROVAR,0.0230000000,60,0.1000000000
P003308,0.0481137627,8,APROVAR,0.0240000000,60,0.1500000000
P003309,0.3394828553,2,NEGAR,,,
P003310,0.1084661499,4,NEGAR,,,
P003311,0.2358778054,2,NEGAR,,,
P003312,0.1847691609,3,NEGAR,,,
P003313,0.0392481888,8,APROVAR,0.0240000000,60,0.1500000000
P003314,0.1641229380,3,NEGAR,,,
P003315,0.0942858873,5,NEGAR,,,
P003316,0.1319116948,4,NEGAR,,,
P003317,0.1595272766,3,NEGAR,,,
P003318,0.2978205738,2,NEGAR,,,
P003319,0.0387780878,8,APROVAR,0.0240000000,60,0.1500000000
P003320,0.0491050775,8,APROVAR,0.0240000000,60,0.1500000000
P003321,0.0357464282,8,APROVAR,0.0240000000,60,0.1500000000
P003322,0.0718342608,6,APROVAR,0.0260000000,48,0.2000000000
P003323,0.0628514032,6,APROVAR,0.0260000000,48,0.2000000000
P003324,0.3124159808,2,NEGAR,,,
P003325,0.2896293842,2,NEGAR,,,
P003326,0.0226483477,9,APROVAR,0.0230000000,60,0.1000000000
P003327,0.0318096456,9,APROVAR,0.0230000000,60,0.1000000000
P003328,0.0377893455,8,APROVAR,0.0240000000,60,0.1500000000
P003329,0.0322599185,9,APROVAR,0.0230000000,60,0.1000000000
P003330,0.1283701542,4,NEGAR,,,
P003331,0.2971326959,2,NEGAR,,,
P003332,0.0286460711,9,APROVAR,0.0230000000,60,0.1000000000
P003333,0.2245785946,2,NEGAR,,,
P003334,0.0915364673,5,NEGAR,,,
P003335,0.2278757635,2,NEGAR,,,
P003336,0.0352076663,8,APROVAR,0.0240000000,60,0.1500000000
P003337,0.1710195037,3,NEGAR,,,
P003338,0.0701004758,6,APROVAR,0.0260000000,48,0.2000000000
P003339,0.3268398352,2,NEGAR,,,
P003340,0.1576060066,3,NEGAR,,,
P003341,0.3661615975,1,NEGAR,,,
P003342,0.2954961049,2,NEGAR,,,
P003343,0.0674604821,6,APROVAR,0.0260000000,48,0.2000000000
P003344,0.2390247094,2,NEGAR,,,
P003345,0.1542389552,3,NEGAR,,,
P003346,0.0418692765,8,APROVAR,0.0240000000,60,0.1500000000
P003347,0.0267537200,9,APROVAR,0.0230000000,60,0.1000000000
P003348,0.4156073389,1,NEGAR,,,
P003349,0.0326423552,9,APROVAR,0.0230000000,60,0.1000000000
P003350,0.2516981093,2,NEGAR,,,
P003351,0.4390788517,1,NEGAR,,,
P003352,0.0576975243,7,APROVAR,0.0250000000,60,0.1500000000
P003353,0.0544578217,7,APROVAR,0.0250000000,60,0.1500000000
P003354,0.0632056708,6,APROVAR,0.0260000000,48,0.2000000000
P003355,0.2234618217,2,NEGAR,,,
P003356,0.1157412535,4,NEGAR,,,
P003357,0.0542769457,7,APROVAR,0.0250000000,60,0.1500000000
P003358,0.0717618011,6,APROVAR,0.0260000000,48,0.2000000000
P003359,0.0577090364,7,APROVAR,0.0250000000,60,0.1500000000
P003360,0.0516246221,7,APROVAR,0.0250000000,60,0.1500000000
P003361,0.1006408205,4,NEGAR,,,
P003362,0.0388529089,8,APROVAR,0.0240000000,60,0.1500000000
P003363,0.2261631592,2,NEGAR,,,
P003364,0.0475793780,8,APROVAR,0.0240000000,60,0.1500000000
P003365,0.4395516558,1,NEGAR,,,
P003366,0.1643500666,3,NEGAR,,,
P003367,0.2636050751,2,NEGAR,,,
P003368,0.2441403446,2,NEGAR,,,
P003369,0.1670065611,3,NEGAR,,,
P003370,0.0940328714,5,NEGAR,,,
P003371,0.1078917230,4,NEGAR,,,
P003372,0.0434353044,8,APROVAR,0.0240000000,60,0.1500000000
P003373,0.0315502844,9,APROVAR,0.0230000000,60,0.1000000000
P003374,0.0887212758,5,NEGAR,,,
P003375,0.1538158790,3,NEGAR,,,
P003376,0.0812378511,5,NEGAR,,,
P003377,0.1126695812,4,NEGAR,,,
P003378,0.1023233777,4,NEGAR,,,
P003379,0.0505080873,7,APROVAR,0.0250000000,60,0.1500000000
P003380,0.1805268891,3,NEGAR,,,
P003381,0.0307109182,9,APROVAR,0.0230000000,60,0.1000000000
P003382,0.3076415518,2,NEGAR,,,
P003383,0.1742118770,3,NEGAR,,,
P003384,0.3508105465,1,NEGAR,,,
P003385,0.1110828127,4,NEGAR,,,
P003386,0.0949803295,5,NEGAR,,,
P003387,0.5087668037,1,NEGAR,,,
P003388,0.2413435774,2,NEGAR,,,
P003389,0.0869084515,5,NEGAR,,,
P003390,0.1078641173,4,NEGAR,,,
P003391,0.1903984043,3,NEGAR,,,
P003392,0.2078691855,3,NEGAR,,,
P003393,0.0774641451,5,NEGAR,,,
P003394,0.0336422041,9,APROVAR,0.0230000000,60,0.1000000000
P003395,0.1436297407,4,NEGAR,,,
P003396,0.2374408270,2,NEGAR,,,
P003397,0.0420987003,8,APROVAR,0.0240000000,60,0.1500000000
P003398,0.0448046894,8,APROVAR,0.0240000000,60,0.1500000000
P003399,0.0437300703,8,APROVAR,0.0240000000,60,0.1500000000
P003400,0.1659462110,3,NEGAR,,,
P003401,0.2625140484,2,NEGAR,,,
P003402,0.0284323873,9,APROVAR,0.0230000000,60,0.1000000000
P003403,0.1604146937,3,NEGAR,,,
P003404,0.0364216498,8,APROVAR,0.0240000000,60,0.1500000000
P003405,0.0308151163,9,APROVAR,0.0230000000,60,0.1000000000
P003406,0.3690565024,1,NEGAR,,,
P003407,0.0685707952,6,APROVAR,0.0260000000,48,0.2000000000
P003408,0.1046106604,4,NEGAR,,,
P003409,0.2006512393,3,NEGAR,,,
P003410,0.0382685497,8,APROVAR,0.0240000000,60,0.1500000000
P003411,0.2363206917,2,NEGAR,,,
P003412,0.2035071307,3,NEGAR,,,
P003413,0.1528179885,3,NEGAR,,,
P003414,0.1531387944,3,NEGAR,,,
P003415,0.3140807796,2,NEGAR,,,
P003416,0.0497753071,8,APROVAR,0.0240000000,60,0.1500000000
P003417,0.3449915754,2,NEGAR,,,
P003418,0.1496752738,4,NEGAR,,,
P003419,0.1937031949,3,NEGAR,,,
P003420,0.0247725707,9,APROVAR,0.0230000000,60,0.1000000000
P003421,0.0411867592,8,APROVAR,0.0240000000,60,0.1500000000
P003422,0.0486225411,8,APROVAR,0.0240000000,60,0.1500000000
P003423,0.2377611118,2,NEGAR,,,
P003424,0.2415916703,2,NEGAR,,,
P003425,0.0855330035,5,NEGAR,,,
P003426,0.1658440604,3,NEGAR,,,
P003427,0.0477819341,8,APROVAR,0.0240000000,60,0.1500000000
P003428,0.0423119216,8,APROVAR,0.0240000000,60,0.1500000000
P003429,0.3002366153,2,NEGAR,,,
P003430,0.0461475556,8,APROVAR,0.0240000000,60,0.1500000000
P003431,0.0818531951,5,NEGAR,,,
P003432,0.0297791486,9,APROVAR,0.0230000000,60,0.1000000000
P003433,0.2628172145,2,NEGAR,,,
P003434,0.1556765860,3,NEGAR,,,
P003435,0.0231874276,9,APROVAR,0.0230000000,60,0.1000000000
P003436,0.0366250705,8,APROVAR,0.0240000000,60,0.1500000000
P003437,0.0706307293,6,APROVAR,0.0260000000,48,0.2000000000
P003438,0.0413712073,8,APROVAR,0.0240000000,60,0.1500000000
P003439,0.3246404883,2,NEGAR,,,
P003440,0.3659339559,1,NEGAR,,,
P003441,0.1549313651,3,NEGAR,,,
P003442,0.1229763664,4,NEGAR,,,
P003443,0.0733042145,6,APROVAR,0.0260000000,48,0.2000000000
P003444,0.0301486503,9,APROVAR,0.0230000000,60,0.1000000000
P003445,0.0550393183,7,APROVAR,0.0250000000,60,0.1500000000
P003446,0.3025399410,2,NEGAR,,,
P003447,0.0373196175,8,APROVAR,0.0240000000,60,0.1500000000
P003448,0.0367304299,8,APROVAR,0.0240000000,60,0.1500000000
P003449,0.2713093934,2,NEGAR,,,
P003450,0.0678324109,6,APROVAR,0.0260000000,48,0.2000000000
P003451,0.0377799519,8,APROVAR,0.0240000000,60,0.1500000000
P003452,0.0384723233,8,APROVAR,0.0240000000,60,0.1500000000
P003453,0.1575819408,3,NEGAR,,,
P003454,0.0586410233,7,APROVAR,0.0250000000,60,0.1500000000
P003455,0.2258227508,2,NEGAR,,,
P003456,0.0271136136,9,APROVAR,0.0230000000,60,0.1000000000
P003457,0.0740989673,6,APROVAR,0.0260000000,48,0.2000000000
P003458,0.0896106854,5,NEGAR,,,
P003459,0.0391330557,8,APROVAR,0.0240000000,60,0.1500000000
P003460,0.0548624938,7,APROVAR,0.0250000000,60,0.1500000000
P003461,0.0401573959,8,APROVAR,0.0240000000,60,0.1500000000
P003462,0.2232049637,2,NEGAR,,,
P003463,0.0296431018,9,APROVAR,0.0230000000,60,0.1000000000
P003464,0.4734705478,1,NEGAR,,,
P003465,0.1180305601,4,NEGAR,,,
P003466,0.0851376286,5,NEGAR,,,
P003467,0.0409547018,8,APROVAR,0.0240000000,60,0.1500000000
P003468,0.1151711322,4,NEGAR,,,
P003469,0.1020873068,4,NEGAR,,,
P003470,0.0898290105,5,NEGAR,,,
P003471,0.0807959209,5,NEGAR,,,
P003472,0.2359650780,2,NEGAR,,,
P003473,0.0352568810,8,APROVAR,0.0240000000,60,0.1500000000
P003474,0.0752029975,5,NEGAR,,,
P003475,0.0233019249,9,APROVAR,0.0230000000,60,0.1000000000
P003476,0.2568240294,2,NEGAR,,,
P003477,0.2827167717,2,NEGAR,,,
P003478,0.0533097056,7,APROVAR,0.0250000000,60,0.1500000000
P003479,0.1178559600,4,NEGAR,,,
P003480,0.1657023104,3,NEGAR,,,
P003481,0.2684413204,2,NEGAR,,,
P003482,0.1723564011,3,NEGAR,,,
P003483,0.0425737180,8,APROVAR,0.0240000000,60,0.1500000000
P003484,0.0476396216,8,APROVAR,0.0240000000,60,0.1500000000
P003485,0.2605091653,2,NEGAR,,,
P003486,0.0636530219,6,APROVAR,0.0260000000,48,0.2000000000
P003487,0.0855249278,5,NEGAR,,,
P003488,0.2611190566,2,NEGAR,,,
P003489,0.1885824046,3,NEGAR,,,
P003490,0.0400726424,8,APROVAR,0.0240000000,60,0.1500000000
P003491,0.0519400738,7,APROVAR,0.0250000000,60,0.1500000000
P003492,0.0346951970,9,APROVAR,0.0230000000,60,0.1000000000
P003493,0.0388067484,8,APROVAR,0.0240000000,60,0.1500000000
P003494,0.0519560182,7,APROVAR,0.0250000000,60,0.1500000000
P003495,0.0581828111,7,APROVAR,0.0250000000,60,0.1500000000
P003496,0.1411272034,4,NEGAR,,,
P003497,0.0533958939,7,APROVAR,0.0250000000,60,0.1500000000
P003498,0.0439230036,8,APROVAR,0.0240000000,60,0.1500000000
P003499,0.0550178729,7,APROVAR,0.0250000000,60,0.1500000000
P003500,0.1458084558,4,NEGAR,,,
P003501,0.0442220431,8,APROVAR,0.0240000000,60,0.1500000000
P003502,0.0229844418,9,APROVAR,0.0230000000,60,0.1000000000
P003503,0.0745604674,6,APROVAR,0.0260000000,48,0.2000000000
P003504,0.0520388548,7,APROVAR,0.0250000000,60,0.1500000000
P003505,0.0242324966,9,APROVAR,0.0230000000,60,0.1000000000
P003506,0.2447351796,2,NEGAR,,,
P003507,0.0372581565,8,APROVAR,0.0240000000,60,0.1500000000
P003508,0.1949895411,3,NEGAR,,,
P003509,0.2475618330,2,NEGAR,,,
P003510,0.0266235026,9,APROVAR,0.0230000000,60,0.1000000000
P003511,0.0897219868,5,NEGAR,,,
P003512,0.1251443412,4,NEGAR,,,
P003513,0.0610533881,6,APROVAR,0.0260000000,48,0.2000000000
P003514,0.0890040534,5,NEGAR,,,
P003515,0.0517049485,7,APROVAR,0.0250000000,60,0.1500000000
P003516,0.4867269628,1,NEGAR,,,
P003517,0.0296768946,9,APROVAR,0.0230000000,60,0.1000000000
P003518,0.0668946091,6,APROVAR,0.0260000000,48,0.2000000000
P003519,0.3059417437,2,NEGAR,,,
P003520,0.2921390687,2,NEGAR,,,
P003521,0.1119026159,4,NEGAR,,,
P003522,0.0298739620,9,APROVAR,0.0230000000,60,0.1000000000
P003523,0.0566387474,7,APROVAR,0.0250000000,60,0.1500000000
P003524,0.1063782350,4,NEGAR,,,
P003525,0.1381498233,4,NEGAR,,,
P003526,0.2638628883,2,NEGAR,,,
P003527,0.0333829529,9,APROVAR,0.0230000000,60,0.1000000000
P003528,0.1772902340,3,NEGAR,,,
P003529,0.2191221038,3,NEGAR,,,
P003530,0.0300157324,9,APROVAR,0.0230000000,60,0.1000000000
P003531,0.0375278805,8,APROVAR,0.0240000000,60,0.1500000000
P003532,0.0508308305,7,APROVAR,0.0250000000,60,0.1500000000
P003533,0.4485831279,1,NEGAR,,,
P003534,0.0486004588,8,APROVAR,0.0240000000,60,0.1500000000
P003535,0.0269312703,9,APROVAR,0.0230000000,60,0.1000000000
P003536,0.0499608589,8,APROVAR,0.0240000000,60,0.1500000000
P003537,0.2307776568,2,NEGAR,,,
P003538,0.0459270547,8,APROVAR,0.0240000000,60,0.1500000000
P003539,0.3378625392,2,NEGAR,,,
P003540,0.2145398824,3,NEGAR,,,
P003541,0.3722612066,1,NEGAR,,,
P003542,0.0319357519,9,APROVAR,0.0230000000,60,0.1000000000
P003543,0.0548164962,7,APROVAR,0.0250000000,60,0.1500000000
P003544,0.1467477211,4,NEGAR,,,
P003545,0.3523930582,1,NEGAR,,,
P003546,0.0657512054,6,APROVAR,0.0260000000,48,0.2000000000
P003547,0.3947223019,1,NEGAR,,,
P003548,0.2666347477,2,NEGAR,,,
P003549,0.1431517252,4,NEGAR,,,
P003550,0.0690606068,6,APROVAR,0.0260000000,48,0.2000000000
P003551,0.0207656118,9,APROVAR,0.0230000000,60,0.1000000000
P003552,0.2996793619,2,NEGAR,,,
P003553,0.2652183691,2,NEGAR,,,
P003554,0.0511231374,7,APROVAR,0.0250000000,60,0.1500000000
P003555,0.2614347615,2,NEGAR,,,
P003556,0.2082707793,3,NEGAR,,,
P003557,0.0425575009,8,APROVAR,0.0240000000,60,0.1500000000
P003558,0.1359784050,4,NEGAR,,,
P003559,0.0801784783,5,NEGAR,,,
P003560,0.0208351670,9,APROVAR,0.0230000000,60,0.1000000000
P003561,0.1330035174,4,NEGAR,,,
P003562,0.0649960536,6,APROVAR,0.0260000000,48,0.2000000000
P003563,0.0777929325,5,NEGAR,,,
P003564,0.1088175585,4,NEGAR,,,
P003565,0.4311422919,1,NEGAR,,,
P003566,0.2050134017,3,NEGAR,,,
P003567,0.0513722659,7,APROVAR,0.0250000000,60,0.1500000000
P003568,0.0482331958,8,APROVAR,0.0240000000,60,0.1500000000
P003569,0.0882960441,5,NEGAR,,,
P003570,0.2162559446,3,NEGAR,,,
P003571,0.1011403086,4,NEGAR,,,
P003572,0.0650516130,6,APROVAR,0.0260000000,48,0.2000000000
P003573,0.0312014288,9,APROVAR,0.0230000000,60,0.1000000000
P003574,0.2504771765,2,NEGAR,,,
P003575,0.0900245510,5,NEGAR,,,
P003576,0.0510849520,7,APROVAR,0.0250000000,60,0.1500000000
P003577,0.2776435956,2,NEGAR,,,
P003578,0.2451447476,2,NEGAR,,,
P003579,0.0312867678,9,APROVAR,0.0230000000,60,0.1000000000
P003580,0.1171419047,4,NEGAR,,,
P003581,0.1992896312,3,NEGAR,,,
P003582,0.0695977617,6,APROVAR,0.0260000000,48,0.2000000000
P003583,0.0217809569,9,APROVAR,0.0230000000,60,0.1000000000
P003584,0.5817327106,1,NEGAR,,,
P003585,0.0392116524,8,APROVAR,0.0240000000,60,0.1500000000
P003586,0.2754550049,2,NEGAR,,,
P003587,0.1186407004,4,NEGAR,,,
P003588,0.0719897076,6,APROVAR,0.0260000000,48,0.2000000000
P003589,0.0447187198,8,APROVAR,0.0240000000,60,0.1500000000
P003590,0.0465092883,8,APROVAR,0.0240000000,60,0.1500000000
P003591,0.2863818983,2,NEGAR,,,
P003592,0.0462868319,8,APROVAR,0.0240000000,60,0.1500000000
P003593,0.3672227899,1,NEGAR,,,
P003594,0.1846236898,3,NEGAR,,,
P003595,0.0632471966,6,APROVAR,0.0260000000,48,0.2000000000
P003596,0.2364189721,2,NEGAR,,,
P003597,0.3148548125,2,NEGAR,,,
P003598,0.0429649476,8,APROVAR,0.0240000000,60,0.1500000000
P003599,0.0262539095,9,APROVAR,0.0230000000,60,0.1000000000
P003600,0.4123411576,1,NEGAR,,,
P003601,0.0726416563,6,APROVAR,0.0260000000,48,0.2000000000
P003602,0.0301174589,9,APROVAR,0.0230000000,60,0.1000000000
P003603,0.2316858204,2,NEGAR,,,
P003604,0.2760952459,2,NEGAR,,,
P003605,0.3023819864,2,NEGAR,,,
P003606,0.1693135725,3,NEGAR,,,
P003607,0.1459759574,4,NEGAR,,,
P003608,0.2759050794,2,NEGAR,,,
P003609,0.1018790253,4,NEGAR,,,
P003610,0.0723249237,6,APROVAR,0.0260000000,48,0.2000000000
P003611,0.0566705178,7,APROVAR,0.0250000000,60,0.1500000000
P003612,0.0366875047,8,APROVAR,0.0240000000,60,0.1500000000
P003613,0.3044115692,2,NEGAR,,,
P003614,0.0351378467,8,APROVAR,0.0240000000,60,0.1500000000
P003615,0.0297577293,9,APROVAR,0.0230000000,60,0.1000000000
P003616,0.4725372957,1,NEGAR,,,
P003617,0.2058068152,3,NEGAR,,,
P003618,0.2189945041,3,NEGAR,,,
P003619,0.0913535177,5,NEGAR,,,
P003620,0.2267976030,2,NEGAR,,,
P003621,0.1971972814,3,NEGAR,,,
P003622,0.1929710332,3,NEGAR,,,
P003623,0.0230942762,9,APROVAR,0.0230000000,60,0.1000000000
P003624,0.2043780426,3,NEGAR,,,
P003625,0.0224577291,9,APROVAR,0.0230000000,60,0.1000000000
P003626,0.0528703899,7,APROVAR,0.0250000000,60,0.1500000000
P003627,0.1539382100,3,NEGAR,,,
P003628,0.4464996880,1,NEGAR,,,
P003629,0.2384946063,2,NEGAR,,,
P003630,0.0760882633,5,NEGAR,,,
P003631,0.1246416074,4,NEGAR,,,
P003632,0.0193935881,10,APROVAR,0.0225000000,60,0.1000000000
P003633,0.1469791504,4,NEGAR,,,
P003634,0.0696799108,6,APROVAR,0.0260000000,48,0.2000000000
P003635,0.1459592668,4,NEGAR,,,
P003636,0.3561761545,1,NEGAR,,,
P003637,0.1604719475,3,NEGAR,,,
P003638,0.1276384473,4,NEGAR,,,
P003639,0.0506042044,7,APROVAR,0.0250000000,60,0.1500000000
P003640,0.3498736806,2,NEGAR,,,
P003641,0.4008606691,1,NEGAR,,,
P003642,0.0654010758,6,APROVAR,0.0260000000,48,0.2000000000
P003643,0.2622096426,2,NEGAR,,,
P003644,0.0938077742,5,NEGAR,,,
P003645,0.3833328919,1,NEGAR,,,
P003646,0.3197706061,2,NEGAR,,,
P003647,0.0413378413,8,APROVAR,0.0240000000,60,0.1500000000
P003648,0.2405185793,2,NEGAR,,,
P003649,0.0769191167,5,NEGAR,,,
P003650,0.0481941456,8,APROVAR,0.0240000000,60,0.1500000000
P003651,0.0493093707,8,APROVAR,0.0240000000,60,0.1500000000
P003652,0.0865207142,5,NEGAR,,,
P003653,0.0359423384,8,APROVAR,0.0240000000,60,0.1500000000
P003654,0.0892300845,5,NEGAR,,,
P003655,0.2527361532,2,NEGAR,,,
P003656,0.1583867834,3,NEGAR,,,
P003657,0.2614096627,2,NEGAR,,,
P003658,0.0400386567,8,APROVAR,0.0240000000,60,0.1500000000
P003659,0.2407546723,2,NEGAR,,,
P003660,0.0392516498,8,APROVAR,0.0240000000,60,0.1500000000
P003661,0.0567038516,7,APROVAR,0.0250000000,60,0.1500000000
P003662,0.0324790785,9,APROVAR,0.0230000000,60,0.1000000000
P003663,0.2667018269,2,NEGAR,,,
P003664,0.0374972630,8,APROVAR,0.0240000000,60,0.1500000000
P003665,0.0601348005,6,APROVAR,0.0260000000,48,0.2000000000
P003666,0.0284135683,9,APROVAR,0.0230000000,60,0.1000000000
P003667,0.0824416297,5,NEGAR,,,
P003668,0.1202827590,4,NEGAR,,,
P003669,0.0641083349,6,APROVAR,0.0260000000,48,0.2000000000
P003670,0.1451082820,4,NEGAR,,,
P003671,0.0315013088,9,APROVAR,0.0230000000,60,0.1000000000
P003672,0.3860525457,1,NEGAR,,,
P003673,0.0445859590,8,APROVAR,0.0240000000,60,0.1500000000
P003674,0.0580584574,7,APROVAR,0.0250000000,60,0.1500000000
P003675,0.0559476680,7,APROVAR,0.0250000000,60,0.1500000000
P003676,0.2170283669,3,NEGAR,,,
P003677,0.0634557844,6,APROVAR,0.0260000000,48,0.2000000000
P003678,0.1651100146,3,NEGAR,,,
P003679,0.2058748661,3,NEGAR,,,
P003680,0.0501583899,7,APROVAR,0.0250000000,60,0.1500000000
P003681,0.0818197830,5,NEGAR,,,
P003682,0.2150182927,3,NEGAR,,,
P003683,0.0434027753,8,APROVAR,0.0240000000,60,0.1500000000
P003684,0.0341259830,9,APROVAR,0.0230000000,60,0.1000000000
P003685,0.4700194688,1,NEGAR,,,
P003686,0.0944498356,5,NEGAR,,,
P003687,0.0200420726,9,APROVAR,0.0230000000,60,0.1000000000
P003688,0.0653385254,6,APROVAR,0.0260000000,48,0.2000000000
P003689,0.1320920521,4,NEGAR,,,
P003690,0.2253861243,2,NEGAR,,,
P003691,0.4406322901,1,NEGAR,,,
P003692,0.1107648726,4,NEGAR,,,
P003693,0.1901290566,3,NEGAR,,,
P003694,0.1907790766,3,NEGAR,,,
P003695,0.0258478695,9,APROVAR,0.0230000000,60,0.1000000000
P003696,0.2843225451,2,NEGAR,,,
P003697,0.0260278391,9,APROVAR,0.0230000000,60,0.1000000000
P003698,0.3519419844,1,NEGAR,,,
P003699,0.1404526361,4,NEGAR,,,
P003700,0.0862845034,5,NEGAR,,,
P003701,0.1722708471,3,NEGAR,,,
P003702,0.0374017879,8,APROVAR,0.0240000000,60,0.1500000000
P003703,0.2035372944,3,NEGAR,,,
P003704,0.2990270028,2,NEGAR,,,
P003705,0.0874363111,5,NEGAR,,,
P003706,0.0232161222,9,APROVAR,0.0230000000,60,0.1000000000
P003707,0.0451266512,8,APROVAR,0.0240000000,60,0.1500000000
P003708,0.0733475375,6,APROVAR,0.0260000000,48,0.2000000000
P003709,0.3906443543,1,NEGAR,,,
P003710,0.0579423547,7,APROVAR,0.0250000000,60,0.1500000000
P003711,0.1655637578,3,NEGAR,,,
P003712,0.4521064215,1,NEGAR,,,
P003713,0.2289589873,2,NEGAR,,,
P003714,0.1628193503,3,NEGAR,,,
P003715,0.0434820152,8,APROVAR,0.0240000000,60,0.1500000000
P003716,0.0261540354,9,APROVAR,0.0230000000,60,0.1000000000
P003717,0.1479299665,4,NEGAR,,,
P003718,0.0657422578,6,APROVAR,0.0260000000,48,0.2000000000
P003719,0.3577909931,1,NEGAR,,,
P003720,0.1122839139,4,NEGAR,,,
P003721,0.2273738261,2,NEGAR,,,
P003722,0.3104089741,2,NEGAR,,,
P003723,0.1460266343,4,NEGAR,,,
P003724,0.0411466004,8,APROVAR,0.0240000000,60,0.1500000000
P003725,0.0396742143,8,APROVAR,0.0240000000,60,0.1500000000
P003726,0.0368137685,8,APROVAR,0.0240000000,60,0.1500000000
P003727,0.0326402636,9,APROVAR,0.0230000000,60,0.1000000000
P003728,0.3232631249,2,NEGAR,,,
P003729,0.4215137119,1,NEGAR,,,
P003730,0.5167747532,1,NEGAR,,,
P003731,0.2079472342,3,NEGAR,,,
P003732,0.4880236817,1,NEGAR,,,
P003733,0.0340149024,9,APROVAR,0.0230000000,60,0.1000000000
P003734,0.0646762364,6,APROVAR,0.0260000000,48,0.2000000000
P003735,0.1047607662,4,NEGAR,,,
P003736,0.1171451766,4,NEGAR,,,
P003737,0.0247291613,9,APROVAR,0.0230000000,60,0.1000000000
P003738,0.0642556684,6,APROVAR,0.0260000000,48,0.2000000000
P003739,0.0256983458,9,APROVAR,0.0230000000,60,0.1000000000
P003740,0.1424654408,4,NEGAR,,,
P003741,0.0402218531,8,APROVAR,0.0240000000,60,0.1500000000
P003742,0.0425835150,8,APROVAR,0.0240000000,60,0.1500000000
P003743,0.2728093651,2,NEGAR,,,
P003744,0.1144941196,4,NEGAR,,,
P003745,0.0610216877,6,APROVAR,0.0260000000,48,0.2000000000
P003746,0.2446665040,2,NEGAR,,,
P003747,0.1842398282,3,NEGAR,,,
P003748,0.0423414924,8,APROVAR,0.0240000000,60,0.1500000000
P003749,0.1979038453,3,NEGAR,,,
P003750,0.0749873493,6,APROVAR,0.0260000000,48,0.2000000000
P003751,0.0372001352,8,APROVAR,0.0240000000,60,0.1500000000
P003752,0.3241473069,2,NEGAR,,,
P003753,0.0290512814,9,APROVAR,0.0230000000,60,0.1000000000
P003754,0.0217455023,9,APROVAR,0.0230000000,60,0.1000000000
P003755,0.3474180623,2,NEGAR,,,
P003756,0.3898288488,1,NEGAR,,,
P003757,0.2566807814,2,NEGAR,,,
P003758,0.1320137934,4,NEGAR,,,
P003759,0.3978232558,1,NEGAR,,,
P003760,0.0767034123,5,NEGAR,,,
P003761,0.2600381895,2,NEGAR,,,
P003762,0.2541311917,2,NEGAR,,,
P003763,0.0343347951,9,APROVAR,0.0230000000,60,0.1000000000
P003764,0.0492663987,8,APROVAR,0.0240000000,60,0.1500000000
P003765,0.2526577848,2,NEGAR,,,
P003766,0.0442787206,8,APROVAR,0.0240000000,60,0.1500000000
P003767,0.2821348859,2,NEGAR,,,
P003768,0.0467040470,8,APROVAR,0.0240000000,60,0.1500000000
P003769,0.1648693064,3,NEGAR,,,
P003770,0.1901268514,3,NEGAR,,,
P003771,0.0837488574,5,NEGAR,,,
P003772,0.1202603216,4,NEGAR,,,
P003773,0.0276995265,9,APROVAR,0.0230000000,60,0.1000000000
P003774,0.0200660302,9,APROVAR,0.0230000000,60,0.1000000000
P003775,0.4540476285,1,NEGAR,,,
P003776,0.1365112517,4,NEGAR,,,
P003777,0.0298115282,9,APROVAR,0.0230000000,60,0.1000000000
P003778,0.3494126114,2,NEGAR,,,
P003779,0.0500002324,7,APROVAR,0.0250000000,60,0.1500000000
P003780,0.2073002401,3,NEGAR,,,
P003781,0.3734640736,1,NEGAR,,,
P003782,0.0786138002,5,NEGAR,,,
P003783,0.0222885860,9,APROVAR,0.0230000000,60,0.1000000000
P003784,0.0879958651,5,NEGAR,,,
P003785,0.2251281923,2,NEGAR,,,
P003786,0.2007421370,3,NEGAR,,,
P003787,0.0626105457,6,APROVAR,0.0260000000,48,0.2000000000
P003788,0.2938688342,2,NEGAR,,,
P003789,0.0599603412,7,APROVAR,0.0250000000,60,0.1500000000
P003790,0.3262094133,2,NEGAR,,,
P003791,0.0846591065,5,NEGAR,,,
P003792,0.0407238503,8,APROVAR,0.0240000000,60,0.1500000000
P003793,0.0477192355,8,APROVAR,0.0240000000,60,0.1500000000
P003794,0.3307375046,2,NEGAR,,,
P003795,0.1075099976,4,NEGAR,,,
P003796,0.1719826977,3,NEGAR,,,
P003797,0.1842226681,3,NEGAR,,,
P003798,0.0467907564,8,APROVAR,0.0240000000,60,0.1500000000
P003799,0.0544759611,7,APROVAR,0.0250000000,60,0.1500000000
P003800,0.0627723333,6,APROVAR,0.0260000000,48,0.2000000000
P003801,0.0564364308,7,APROVAR,0.0250000000,60,0.1500000000
P003802,0.0329880695,9,APROVAR,0.0230000000,60,0.1000000000
P003803,0.1022841694,4,NEGAR,,,
P003804,0.1078420503,4,NEGAR,,,
P003805,0.2084509000,3,NEGAR,,,
P003806,0.0417284939,8,APROVAR,0.0240000000,60,0.1500000000
P003807,0.1142917571,4,NEGAR,,,
P003808,0.0890175472,5,NEGAR,,,
P003809,0.3505283763,1,NEGAR,,,
P003810,0.0340939694,9,APROVAR,0.0230000000,60,0.1000000000
P003811,0.0789799934,5,NEGAR,,,
P003812,0.0437535996,8,APROVAR,0.0240000000,60,0.1500000000
P003813,0.2812731666,2,NEGAR,,,
P003814,0.0640457401,6,APROVAR,0.0260000000,48,0.2000000000
P003815,0.1225233947,4,NEGAR,,,
P003816,0.0798511692,5,NEGAR,,,
P003817,0.3272656355,2,NEGAR,,,
P003818,0.4556440728,1,NEGAR,,,
P003819,0.0564614677,7,APROVAR,0.0250000000,60,0.1500000000
P003820,0.2606299580,2,NEGAR,,,
P003821,0.1244126814,4,NEGAR,,,
P003822,0.2772843323,2,NEGAR,,,
P003823,0.3169151888,2,NEGAR,,,
P003824,0.2744241105,2,NEGAR,,,
P003825,0.0636224397,6,APROVAR,0.0260000000,48,0.2000000000
P003826,0.0354981140,8,APROVAR,0.0240000000,60,0.1500000000
P003827,0.2251256508,2,NEGAR,,,
P003828,0.0529345236,7,APROVAR,0.0250000000,60,0.1500000000
P003829,0.1547325319,3,NEGAR,,,
P003830,0.0313666012,9,APROVAR,0.0230000000,60,0.1000000000
P003831,0.0692536004,6,APROVAR,0.0260000000,48,0.2000000000
P003832,0.0482098667,8,APROVAR,0.0240000000,60,0.1500000000
P003833,0.0229997170,9,APROVAR,0.0230000000,60,0.1000000000
P003834,0.0304841567,9,APROVAR,0.0230000000,60,0.1000000000
P003835,0.0499834312,8,APROVAR,0.0240000000,60,0.1500000000
P003836,0.3090183126,2,NEGAR,,,
P003837,0.1473884314,4,NEGAR,,,
P003838,0.0621745131,6,APROVAR,0.0260000000,48,0.2000000000
P003839,0.2205243850,2,NEGAR,,,
P003840,0.0451704096,8,APROVAR,0.0240000000,60,0.1500000000
P003841,0.0206104957,9,APROVAR,0.0230000000,60,0.1000000000
P003842,0.1467621447,4,NEGAR,,,
P003843,0.3113715593,2,NEGAR,,,
P003844,0.0763392013,5,NEGAR,,,
P003845,0.2227150295,2,NEGAR,,,
P003846,0.1369730776,4,NEGAR,,,
P003847,0.1519527770,3,NEGAR,,,
P003848,0.0585087610,7,APROVAR,0.0250000000,60,0.1500000000
P003849,0.0321539728,9,APROVAR,0.0230000000,60,0.1000000000
P003850,0.0942603136,5,NEGAR,,,
P003851,0.0397934432,8,APROVAR,0.0240000000,60,0.1500000000
P003852,0.0484393790,8,APROVAR,0.0240000000,60,0.1500000000
P003853,0.0776888873,5,NEGAR,,,
P003854,0.0827394372,5,NEGAR,,,
P003855,0.0493512159,8,APROVAR,0.0240000000,60,0.1500000000
P003856,0.2970100719,2,NEGAR,,,
P003857,0.0793220921,5,NEGAR,,,
P003858,0.2102836947,3,NEGAR,,,
P003859,0.3463871629,2,NEGAR,,,
P003860,0.4059268824,1,NEGAR,,,
P003861,0.0841071164,5,NEGAR,,,
P003862,0.1802769384,3,NEGAR,,,
P003863,0.2992020750,2,NEGAR,,,
P003864,0.0617154667,6,APROVAR,0.0260000000,48,0.2000000000
P003865,0.3039578500,2,NEGAR,,,
P003866,0.0410214703,8,APROVAR,0.0240000000,60,0.1500000000
P003867,0.1947615059,3,NEGAR,,,
P003868,0.2866574318,2,NEGAR,,,
P003869,0.0387288624,8,APROVAR,0.0240000000,60,0.1500000000
P003870,0.0424623239,8,APROVAR,0.0240000000,60,0.1500000000
P003871,0.0333246731,9,APROVAR,0.0230000000,60,0.1000000000
P003872,0.0449062166,8,APROVAR,0.0240000000,60,0.1500000000
P003873,0.1423523018,4,NEGAR,,,
P003874,0.3337274767,2,NEGAR,,,
P003875,0.0643790269,6,APROVAR,0.0260000000,48,0.2000000000
P003876,0.3082061368,2,NEGAR,,,
P003877,0.0868677898,5,NEGAR,,,
P003878,0.0630274060,6,APROVAR,0.0260000000,48,0.2000000000
P003879,0.3084051209,2,NEGAR,,,
P003880,0.1006564509,4,NEGAR,,,
P003881,0.2293233143,2,NEGAR,,,
P003882,0.0324315025,9,APROVAR,0.0230000000,60,0.1000000000
P003883,0.4398925764,1,NEGAR,,,
P003884,0.0888076447,5,NEGAR,,,
P003885,0.0819931768,5,NEGAR,,,
P003886,0.0776074577,5,NEGAR,,,
P003887,0.2583032152,2,NEGAR,,,
P003888,0.3024585757,2,NEGAR,,,
P003889,0.0760322771,5,NEGAR,,,
P003890,0.0572035819,7,APROVAR,0.0250000000,60,0.1500000000
P003891,0.0933804919,5,NEGAR,,,
P003892,0.1608138514,3,NEGAR,,,
P003893,0.0578494346,7,APROVAR,0.0250000000,60,0.1500000000
P003894,0.0848802500,5,NEGAR,,,
P003895,0.0180208960,10,APROVAR,0.0225000000,60,0.1000000000
P003896,0.1822468347,3,NEGAR,,,
P003897,0.3384281928,2,NEGAR,,,
P003898,0.0256340623,9,APROVAR,0.0230000000,60,0.1000000000
P003899,0.1080975525,4,NEGAR,,,
P003900,0.0637113074,6,APROVAR,0.0260000000,48,0.2000000000
P003901,0.3926650620,1,NEGAR,,,
P003902,0.0818503613,5,NEGAR,,,
P003903,0.1721374675,3,NEGAR,,,
P003904,0.2287548036,2,NEGAR,,,
P003905,0.0556663686,7,APROVAR,0.0250000000,60,0.1500000000
P003906,0.1793784191,3,NEGAR,,,
P003907,0.0562353786,7,APROVAR,0.0250000000,60,0.1500000000
P003908,0.1839500044,3,NEGAR,,,
P003909,0.3996444714,1,NEGAR,,,
P003910,0.0712417505,6,APROVAR,0.0260000000,48,0.2000000000
P003911,0.0346361959,9,APROVAR,0.0230000000,60,0.1000000000
P003912,0.3668641616,1,NEGAR,,,
P003913,0.0654026500,6,APROVAR,0.0260000000,48,0.2000000000
P003914,0.0328405287,9,APROVAR,0.0230000000,60,0.1000000000
P003915,0.0450047965,8,APROVAR,0.0240000000,60,0.1500000000
P003916,0.0631683166,6,APROVAR,0.0260000000,48,0.2000000000
P003917,0.3683668743,1,NEGAR,,,
P003918,0.1622335824,3,NEGAR,,,
P003919,0.0631091669,6,APROVAR,0.0260000000,48,0.2000000000
P003920,0.0412401897,8,APROVAR,0.0240000000,60,0.1500000000
P003921,0.0447342271,8,APROVAR,0.0240000000,60,0.1500000000
P003922,0.3023000479,2,NEGAR,,,
P003923,0.0430284499,8,APROVAR,0.0240000000,60,0.1500000000
P003924,0.1528622275,3,NEGAR,,,
P003925,0.0328970569,9,APROVAR,0.0230000000,60,0.1000000000
P003926,0.0461910313,8,APROVAR,0.0240000000,60,0.1500000000
P003927,0.0353646213,8,APROVAR,0.0240000000,60,0.1500000000
P003928,0.2379498346,2,NEGAR,,,
P003929,0.0693898975,6,APROVAR,0.0260000000,48,0.2000000000
P003930,0.0438922712,8,APROVAR,0.0240000000,60,0.1500000000
P003931,0.0384810578,8,APROVAR,0.0240000000,60,0.1500000000
P003932,0.1011817042,4,NEGAR,,,
P003933,0.1798911180,3,NEGAR,,,
P003934,0.2690994869,2,NEGAR,,,
P003935,0.1661865025,3,NEGAR,,,
P003936,0.0626155274,6,APROVAR,0.0260000000,48,0.2000000000
P003937,0.2524632512,2,NEGAR,,,
P003938,0.1007112805,4,NEGAR,,,
P003939,0.0368386451,8,APROVAR,0.0240000000,60,0.1500000000
P003940,0.2028663926,3,NEGAR,,,
P003941,0.0431344639,8,APROVAR,0.0240000000,60,0.1500000000
P003942,0.1578818578,3,NEGAR,,,
P003943,0.0383142027,8,APROVAR,0.0240000000,60,0.1500000000
P003944,0.2525664127,2,NEGAR,,,
P003945,0.0497915714,8,APROVAR,0.0240000000,60,0.1500000000
P003946,0.0440848748,8,APROVAR,0.0240000000,60,0.1500000000
P003947,0.1596728423,3,NEGAR,,,
P003948,0.0343807356,9,APROVAR,0.0230000000,60,0.1000000000
P003949,0.5633076228,1,NEGAR,,,
P003950,0.2265741230,2,NEGAR,,,
P003951,0.3731785734,1,NEGAR,,,
P003952,0.4071840360,1,NEGAR,,,
P003953,0.0273826662,9,APROVAR,0.0230000000,60,0.1000000000
P003954,0.4781998320,1,NEGAR,,,
P003955,0.0408643518,8,APROVAR,0.0240000000,60,0.1500000000
P003956,0.0368817135,8,APROVAR,0.0240000000,60,0.1500000000
P003957,0.2570590813,2,NEGAR,,,
P003958,0.0295014577,9,APROVAR,0.0230000000,60,0.1000000000
P003959,0.1426571361,4,NEGAR,,,
P003960,0.1609816164,3,NEGAR,,,
P003961,0.1069707294,4,NEGAR,,,
P003962,0.0969755322,5,NEGAR,,,
P003963,0.3422764314,2,NEGAR,,,
P003964,0.3052261572,2,NEGAR,,,
P003965,0.2130952486,3,NEGAR,,,
P003966,0.1622098167,3,NEGAR,,,
P003967,0.0245645825,9,APROVAR,0.0230000000,60,0.1000000000
P003968,0.3142118601,2,NEGAR,,,
P003969,0.2920017373,2,NEGAR,,,
P003970,0.2223749976,2,NEGAR,,,
P003971,0.3107927086,2,NEGAR,,,
P003972,0.0337962776,9,APROVAR,0.0230000000,60,0.1000000000
P003973,0.2364977603,2,NEGAR,,,
P003974,0.0354711080,8,APROVAR,0.0240000000,60,0.1500000000
P003975,0.0212931051,9,APROVAR,0.0230000000,60,0.1000000000
P003976,0.1742969411,3,NEGAR,,,
P003977,0.1607858111,3,NEGAR,,,
P003978,0.0260086569,9,APROVAR,0.0230000000,60,0.1000000000
P003979,0.0786400223,5,NEGAR,,,
P003980,0.0219636935,9,APROVAR,0.0230000000,60,0.1000000000
P003981,0.0370687127,8,APROVAR,0.0240000000,60,0.1500000000
P003982,0.0639634635,6,APROVAR,0.0260000000,48,0.2000000000
P003983,0.3006299026,2,NEGAR,,,
P003984,0.2440724709,2,NEGAR,,,
P003985,0.1900900354,3,NEGAR,,,
P003986,0.0506736693,7,APROVAR,0.0250000000,60,0.1500000000
P003987,0.4148789024,1,NEGAR,,,
P003988,0.0631222145,6,APROVAR,0.0260000000,48,0.2000000000
P003989,0.0910873686,5,NEGAR,,,
P003990,0.3088903908,2,NEGAR,,,
P003991,0.2848334736,2,NEGAR,,,
P003992,0.4288460831,1,NEGAR,,,
P003993,0.3521279878,1,NEGAR,,,
P003994,0.1110263452,4,NEGAR,,,
P003995,0.3929912692,1,NEGAR,,,
P003996,0.3584960429,1,NEGAR,,,
P003997,0.0681269661,6,APROVAR,0.0260000000,48,0.2000000000
P003998,0.1835896518,3,NEGAR,,,
P003999,0.1006333180,4,NEGAR,,,
P004000,0.1374561161,4,NEGAR,,,
P004001,0.2060991383,3,NEGAR,,,
P004002,0.2897093272,2,NEGAR,,,
P004003,0.2009793422,3,NEGAR,,,
P004004,0.2936963961,2,NEGAR,,,
P004005,0.2944638243,2,NEGAR,,,
P004006,0.2566012058,2,NEGAR,,,
P004007,0.0385489153,8,APROVAR,0.0240000000,60,0.1500000000
P004008,0.0393344225,8,APROVAR,0.0240000000,60,0.1500000000
P004009,0.2552833113,2,NEGAR,,,
P004010,0.0554263012,7,APROVAR,0.0250000000,60,0.1500000000
P004011,0.1888389746,3,NEGAR,,,
P004012,0.3091348448,2,NEGAR,,,
P004013,0.1910414317,3,NEGAR,,,
P004014,0.2273473650,2,NEGAR,,,
P004015,0.2715259446,2,NEGAR,,,
P004016,0.4406742265,1,NEGAR,,,
P004017,0.0355950689,8,APROVAR,0.0240000000,60,0.1500000000
P004018,0.0308274465,9,APROVAR,0.0230000000,60,0.1000000000
P004019,0.4106480653,1,NEGAR,,,
P004020,0.0263161898,9,APROVAR,0.0230000000,60,0.1000000000
P004021,0.3778889421,1,NEGAR,,,
P004022,0.0584922263,7,APROVAR,0.0250000000,60,0.1500000000
P004023,0.2666578278,2,NEGAR,,,
P004024,0.0426641883,8,APROVAR,0.0240000000,60,0.1500000000
P004025,0.1689302047,3,NEGAR,,,
P004026,0.1448116821,4,NEGAR,,,
P004027,0.2479670062,2,NEGAR,,,
P004028,0.0307756767,9,APROVAR,0.0230000000,60,0.1000000000
P004029,0.1785113536,3,NEGAR,,,
P004030,0.0269710393,9,APROVAR,0.0230000000,60,0.1000000000
P004031,0.0435017744,8,APROVAR,0.0240000000,60,0.1500000000
P004032,0.0373538255,8,APROVAR,0.0240000000,60,0.1500000000
P004033,0.0282855450,9,APROVAR,0.0230000000,60,0.1000000000
P004034,0.2617468770,2,NEGAR,,,
P004035,0.0230982720,9,APROVAR,0.0230000000,60,0.1000000000
P004036,0.3219936397,2,NEGAR,,,
P004037,0.0518908074,7,APROVAR,0.0250000000,60,0.1500000000
P004038,0.0295192408,9,APROVAR,0.0230000000,60,0.1000000000
P004039,0.5653650595,1,NEGAR,,,
P004040,0.0365510325,8,APROVAR,0.0240000000,60,0.1500000000
P004041,0.0717149576,6,APROVAR,0.0260000000,48,0.2000000000
P004042,0.0464766183,8,APROVAR,0.0240000000,60,0.1500000000
P004043,0.2128228342,3,NEGAR,,,
P004044,0.3102920312,2,NEGAR,,,
P004045,0.2203334829,2,NEGAR,,,
P004046,0.1726621146,3,NEGAR,,,
P004047,0.2023008435,3,NEGAR,,,
P004048,0.2271793818,2,NEGAR,,,
P004049,0.0201437617,9,APROVAR,0.0230000000,60,0.1000000000
P004050,0.1554634186,3,NEGAR,,,
P004051,0.0521916315,7,APROVAR,0.0250000000,60,0.1500000000
P004052,0.1162505783,4,NEGAR,,,
P004053,0.2359728183,2,NEGAR,,,
P004054,0.0333928875,9,APROVAR,0.0230000000,60,0.1000000000
P004055,0.2679387417,2,NEGAR,,,
P004056,0.0432883156,8,APROVAR,0.0240000000,60,0.1500000000
P004057,0.0684591683,6,APROVAR,0.0260000000,48,0.2000000000
P004058,0.1199139611,4,NEGAR,,,
P004059,0.0802330014,5,NEGAR,,,
P004060,0.0378365055,8,APROVAR,0.0240000000,60,0.1500000000
P004061,0.0317141414,9,APROVAR,0.0230000000,60,0.1000000000
P004062,0.0343917296,9,APROVAR,0.0230000000,60,0.1000000000
P004063,0.0184723273,10,APROVAR,0.0225000000,60,0.1000000000
P004064,0.2098982475,3,NEGAR,,,
P004065,0.1278168856,4,NEGAR,,,
P004066,0.4368712397,1,NEGAR,,,
P004067,0.0448401316,8,APROVAR,0.0240000000,60,0.1500000000
P004068,0.0398696575,8,APROVAR,0.0240000000,60,0.1500000000
P004069,0.1005804573,4,NEGAR,,,
P004070,0.0401656441,8,APROVAR,0.0240000000,60,0.1500000000
P004071,0.0506405857,7,APROVAR,0.0250000000,60,0.1500000000
P004072,0.0494159314,8,APROVAR,0.0240000000,60,0.1500000000
P004073,0.2036738660,3,NEGAR,,,
P004074,0.0369503251,8,APROVAR,0.0240000000,60,0.1500000000
P004075,0.2252742264,2,NEGAR,,,
P004076,0.5188878406,1,NEGAR,,,
P004077,0.3800462967,1,NEGAR,,,
P004078,0.3002071931,2,NEGAR,,,
P004079,0.0421300647,8,APROVAR,0.0240000000,60,0.1500000000
P004080,0.1669080704,3,NEGAR,,,
P004081,0.1025294448,4,NEGAR,,,
P004082,0.0366721207,8,APROVAR,0.0240000000,60,0.1500000000
P004083,0.0414310128,8,APROVAR,0.0240000000,60,0.1500000000
P004084,0.2497208941,2,NEGAR,,,
P004085,0.0216951874,9,APROVAR,0.0230000000,60,0.1000000000
P004086,0.0333834450,9,APROVAR,0.0230000000,60,0.1000000000
P004087,0.1427479975,4,NEGAR,,,
P004088,0.0467443321,8,APROVAR,0.0240000000,60,0.1500000000
P004089,0.0301679495,9,APROVAR,0.0230000000,60,0.1000000000
P004090,0.2999545290,2,NEGAR,,,
P004091,0.2677351834,2,NEGAR,,,
P004092,0.0427871528,8,APROVAR,0.0240000000,60,0.1500000000
P004093,0.0684946078,6,APROVAR,0.0260000000,48,0.2000000000
P004094,0.3763410307,1,NEGAR,,,
P004095,0.1465820824,4,NEGAR,,,
P004096,0.0225261218,9,APROVAR,0.0230000000,60,0.1000000000
P004097,0.1524578439,3,NEGAR,,,
P004098,0.0450194083,8,APROVAR,0.0240000000,60,0.1500000000
P004099,0.0370103487,8,APROVAR,0.0240000000,60,0.1500000000
P004100,0.0430075911,8,APROVAR,0.0240000000,60,0.1500000000
P004101,0.3335670237,2,NEGAR,,,
P004102,0.0265784218,9,APROVAR,0.0230000000,60,0.1000000000
P004103,0.0475281188,8,APROVAR,0.0240000000,60,0.1500000000
P004104,0.2776774790,2,NEGAR,,,
P004105,0.1279337856,4,NEGAR,,,
P004106,0.0979170538,5,NEGAR,,,
P004107,0.0671793507,6,APROVAR,0.0260000000,48,0.2000000000
P004108,0.0327361799,9,APROVAR,0.0230000000,60,0.1000000000
P004109,0.0606464892,6,APROVAR,0.0260000000,48,0.2000000000
P004110,0.0358727138,8,APROVAR,0.0240000000,60,0.1500000000
P004111,0.0421512322,8,APROVAR,0.0240000000,60,0.1500000000
P004112,0.0973788102,5,NEGAR,,,
P004113,0.0341022204,9,APROVAR,0.0230000000,60,0.1000000000
P004114,0.0472266743,8,APROVAR,0.0240000000,60,0.1500000000
P004115,0.2533487015,2,NEGAR,,,
P004116,0.3310456632,2,NEGAR,,,
P004117,0.1307745596,4,NEGAR,,,
P004118,0.0662807386,6,APROVAR,0.0260000000,48,0.2000000000
P004119,0.0637486207,6,APROVAR,0.0260000000,48,0.2000000000
P004120,0.3375199391,2,NEGAR,,,
P004121,0.0383136117,8,APROVAR,0.0240000000,60,0.1500000000
P004122,0.0288295564,9,APROVAR,0.0230000000,60,0.1000000000
P004123,0.1820911382,3,NEGAR,,,
P004124,0.2457235892,2,NEGAR,,,
P004125,0.2166453706,3,NEGAR,,,
P004126,0.0408824706,8,APROVAR,0.0240000000,60,0.1500000000
P004127,0.1531722053,3,NEGAR,,,
P004128,0.0333415191,9,APROVAR,0.0230000000,60,0.1000000000
P004129,0.0415423278,8,APROVAR,0.0240000000,60,0.1500000000
P004130,0.0494398378,8,APROVAR,0.0240000000,60,0.1500000000
P004131,0.4276345427,1,NEGAR,,,
P004132,0.1062365886,4,NEGAR,,,
P004133,0.3054827367,2,NEGAR,,,
P004134,0.0623824808,6,APROVAR,0.0260000000,48,0.2000000000
P004135,0.3345866997,2,NEGAR,,,
P004136,0.0261560415,9,APROVAR,0.0230000000,60,0.1000000000
P004137,0.0877171965,5,NEGAR,,,
P004138,0.0415716609,8,APROVAR,0.0240000000,60,0.1500000000
P004139,0.2179219631,3,NEGAR,,,
P004140,0.0280322018,9,APROVAR,0.0230000000,60,0.1000000000
P004141,0.0420471040,8,APROVAR,0.0240000000,60,0.1500000000
P004142,0.3343735171,2,NEGAR,,,
P004143,0.0357961883,8,APROVAR,0.0240000000,60,0.1500000000
P004144,0.1501015990,3,NEGAR,,,
P004145,0.0351198542,8,APROVAR,0.0240000000,60,0.1500000000
P004146,0.1474468817,4,NEGAR,,,
P004147,0.3827074897,1,NEGAR,,,
P004148,0.1373405044,4,NEGAR,,,
P004149,0.0950291931,5,NEGAR,,,
P004150,0.1536122345,3,NEGAR,,,
P004151,0.1741293718,3,NEGAR,,,
P004152,0.2305143629,2,NEGAR,,,
P004153,0.2606091655,2,NEGAR,,,
P004154,0.1831258233,3,NEGAR,,,
P004155,0.0414810152,8,APROVAR,0.0240000000,60,0.1500000000
P004156,0.0348712590,9,APROVAR,0.0230000000,60,0.1000000000
P004157,0.0327447457,9,APROVAR,0.0230000000,60,0.1000000000
P004158,0.0535919473,7,APROVAR,0.0250000000,60,0.1500000000
P004159,0.0721814414,6,APROVAR,0.0260000000,48,0.2000000000
P004160,0.0594256702,7,APROVAR,0.0250000000,60,0.1500000000
P004161,0.0910406594,5,NEGAR,,,
P004162,0.0535168199,7,APROVAR,0.0250000000,60,0.1500000000
P004163,0.0388508072,8,APROVAR,0.0240000000,60,0.1500000000
P004164,0.0350394556,8,APROVAR,0.0240000000,60,0.1500000000
P004165,0.3229612078,2,NEGAR,,,
P004166,0.0467354698,8,APROVAR,0.0240000000,60,0.1500000000
P004167,0.1680676195,3,NEGAR,,,
P004168,0.1697297527,3,NEGAR,,,
P004169,0.1123164924,4,NEGAR,,,
P004170,0.1813948135,3,NEGAR,,,
P004171,0.1960457530,3,NEGAR,,,
P004172,0.0810520836,5,NEGAR,,,
P004173,0.2198233873,3,NEGAR,,,
P004174,0.1488596032,4,NEGAR,,,
P004175,0.0423643291,8,APROVAR,0.0240000000,60,0.1500000000
P004176,0.1630881867,3,NEGAR,,,
P004177,0.0499079933,8,APROVAR,0.0240000000,60,0.1500000000
P004178,0.0759163605,5,NEGAR,,,
P004179,0.0305026590,9,APROVAR,0.0230000000,60,0.1000000000
P004180,0.0622097020,6,APROVAR,0.0260000000,48,0.2000000000
P004181,0.0370822783,8,APROVAR,0.0240000000,60,0.1500000000
P004182,0.1671584291,3,NEGAR,,,
P004183,0.0772561309,5,NEGAR,,,
P004184,0.0457317988,8,APROVAR,0.0240000000,60,0.1500000000
P004185,0.0474475641,8,APROVAR,0.0240000000,60,0.1500000000
P004186,0.0551981629,7,APROVAR,0.0250000000,60,0.1500000000
P004187,0.0636820361,6,APROVAR,0.0260000000,48,0.2000000000
P004188,0.1727356165,3,NEGAR,,,
P004189,0.0553496295,7,APROVAR,0.0250000000,60,0.1500000000
P004190,0.2857768851,2,NEGAR,,,
P004191,0.0521571685,7,APROVAR,0.0250000000,60,0.1500000000
P004192,0.0512643401,7,APROVAR,0.0250000000,60,0.1500000000
P004193,0.0381526578,8,APROVAR,0.0240000000,60,0.1500000000
P004194,0.0370542349,8,APROVAR,0.0240000000,60,0.1500000000
P004195,0.0421606335,8,APROVAR,0.0240000000,60,0.1500000000
P004196,0.0629184320,6,APROVAR,0.0260000000,48,0.2000000000
P004197,0.0603499374,6,APROVAR,0.0260000000,48,0.2000000000
P004198,0.2042836655,3,NEGAR,,,
P004199,0.0204015286,9,APROVAR,0.0230000000,60,0.1000000000
P004200,0.0957216642,5,NEGAR,,,
P004201,0.0646025024,6,APROVAR,0.0260000000,48,0.2000000000
P004202,0.1089055781,4,NEGAR,,,
P004203,0.1751043537,3,NEGAR,,,
P004204,0.1442673443,4,NEGAR,,,
P004205,0.0515036695,7,APROVAR,0.0250000000,60,0.1500000000
P004206,0.3920398631,1,NEGAR,,,
P004207,0.0403685398,8,APROVAR,0.0240000000,60,0.1500000000
P004208,0.3177222980,2,NEGAR,,,
P004209,0.0202637219,9,APROVAR,0.0230000000,60,0.1000000000
P004210,0.0287384221,9,APROVAR,0.0230000000,60,0.1000000000
P004211,0.2331510399,2,NEGAR,,,
P004212,0.0653434973,6,APROVAR,0.0260000000,48,0.2000000000
P004213,0.1584801831,3,NEGAR,,,
P004214,0.0387147539,8,APROVAR,0.0240000000,60,0.1500000000
P004215,0.1992497308,3,NEGAR,,,
P004216,0.2638948115,2,NEGAR,,,
P004217,0.0751897248,5,NEGAR,,,
P004218,0.2344519249,2,NEGAR,,,
P004219,0.2648380802,2,NEGAR,,,
P004220,0.0993495473,5,NEGAR,,,
P004221,0.0887846856,5,NEGAR,,,
P004222,0.0898170408,5,NEGAR,,,
P004223,0.3096438776,2,NEGAR,,,
P004224,0.0334201939,9,APROVAR,0.0230000000,60,0.1000000000
P004225,0.0301611357,9,APROVAR,0.0230000000,60,0.1000000000
P004226,0.0491089312,8,APROVAR,0.0240000000,60,0.1500000000
P004227,0.0339556458,9,APROVAR,0.0230000000,60,0.1000000000
P004228,0.0666130111,6,APROVAR,0.0260000000,48,0.2000000000
P004229,0.4040037963,1,NEGAR,,,
P004230,0.3497414852,2,NEGAR,,,
P004231,0.0634026934,6,APROVAR,0.0260000000,48,0.2000000000
P004232,0.0442865447,8,APROVAR,0.0240000000,60,0.1500000000
P004233,0.0505494693,7,APROVAR,0.0250000000,60,0.1500000000
P004234,0.0675297225,6,APROVAR,0.0260000000,48,0.2000000000
P004235,0.0319755779,9,APROVAR,0.0230000000,60,0.1000000000
P004236,0.0328630918,9,APROVAR,0.0230000000,60,0.1000000000
P004237,0.2964625718,2,NEGAR,,,
P004238,0.3642991872,1,NEGAR,,,
P004239,0.0843278075,5,NEGAR,,,
P004240,0.0381143412,8,APROVAR,0.0240000000,60,0.1500000000
P004241,0.1314764685,4,NEGAR,,,
P004242,0.0886484150,5,NEGAR,,,
P004243,0.2529083154,2,NEGAR,,,
P004244,0.2082410184,3,NEGAR,,,
P004245,0.0454587852,8,APROVAR,0.0240000000,60,0.1500000000
P004246,0.3441138504,2,NEGAR,,,
P004247,0.0490382508,8,APROVAR,0.0240000000,60,0.1500000000
P004248,0.2862369100,2,NEGAR,,,
P004249,0.3025971575,2,NEGAR,,,
P004250,0.0414821157,8,APROVAR,0.0240000000,60,0.1500000000
P004251,0.0302940209,9,APROVAR,0.0230000000,60,0.1000000000
P004252,0.0747837325,6,APROVAR,0.0260000000,48,0.2000000000
P004253,0.3671894337,1,NEGAR,,,
P004254,0.0316245189,9,APROVAR,0.0230000000,60,0.1000000000
P004255,0.0822520579,5,NEGAR,,,
P004256,0.3946037818,1,NEGAR,,,
P004257,0.0471137679,8,APROVAR,0.0240000000,60,0.1500000000
P004258,0.0213808225,9,APROVAR,0.0230000000,60,0.1000000000
P004259,0.0299906116,9,APROVAR,0.0230000000,60,0.1000000000
P004260,0.2564427481,2,NEGAR,,,
P004261,0.0588939984,7,APROVAR,0.0250000000,60,0.1500000000
P004262,0.0342785453,9,APROVAR,0.0230000000,60,0.1000000000
P004263,0.0305509478,9,APROVAR,0.0230000000,60,0.1000000000
P004264,0.0404898097,8,APROVAR,0.0240000000,60,0.1500000000
P004265,0.0293485260,9,APROVAR,0.0230000000,60,0.1000000000
P004266,0.0565358934,7,APROVAR,0.0250000000,60,0.1500000000
P004267,0.2299188326,2,NEGAR,,,
P004268,0.0795985123,5,NEGAR,,,
P004269,0.1079291174,4,NEGAR,,,
P004270,0.4511456376,1,NEGAR,,,
P004271,0.0514617564,7,APROVAR,0.0250000000,60,0.1500000000
P004272,0.0586747472,7,APROVAR,0.0250000000,60,0.1500000000
P004273,0.3025435208,2,NEGAR,,,
P004274,0.3098799916,2,NEGAR,,,
P004275,0.2311215910,2,NEGAR,,,
P004276,0.1222760583,4,NEGAR,,,
P004277,0.0576486295,7,APROVAR,0.0250000000,60,0.1500000000
P004278,0.0404291878,8,APROVAR,0.0240000000,60,0.1500000000
P004279,0.0553518815,7,APROVAR,0.0250000000,60,0.1500000000
P004280,0.0496692185,8,APROVAR,0.0240000000,60,0.1500000000
P004281,0.2510509557,2,NEGAR,,,
P004282,0.0891330681,5,NEGAR,,,
P004283,0.0739766634,6,APROVAR,0.0260000000,48,0.2000000000
P004284,0.1013961369,4,NEGAR,,,
P004285,0.0486889069,8,APROVAR,0.0240000000,60,0.1500000000
P004286,0.1794863308,3,NEGAR,,,
P004287,0.0377035144,8,APROVAR,0.0240000000,60,0.1500000000
P004288,0.2931436697,2,NEGAR,,,
P004289,0.2337805106,2,NEGAR,,,
P004290,0.0336826689,9,APROVAR,0.0230000000,60,0.1000000000
P004291,0.0801833563,5,NEGAR,,,
P004292,0.1647889032,3,NEGAR,,,
P004293,0.3935330065,1,NEGAR,,,
P004294,0.1487158307,4,NEGAR,,,
P004295,0.0433823056,8,APROVAR,0.0240000000,60,0.1500000000
P004296,0.0399109523,8,APROVAR,0.0240000000,60,0.1500000000
P004297,0.2522409207,2,NEGAR,,,
P004298,0.0277332353,9,APROVAR,0.0230000000,60,0.1000000000
P004299,0.2473000841,2,NEGAR,,,
P004300,0.2088310902,3,NEGAR,,,
P004301,0.0621282442,6,APROVAR,0.0260000000,48,0.2000000000
P004302,0.0523782971,7,APROVAR,0.0250000000,60,0.1500000000
P004303,0.0360665334,8,APROVAR,0.0240000000,60,0.1500000000
P004304,0.0346092592,9,APROVAR,0.0230000000,60,0.1000000000
P004305,0.0126146999,10,APROVAR,0.0225000000,60,0.1000000000
P004306,0.0228840650,9,APROVAR,0.0230000000,60,0.1000000000
P004307,0.1059107516,4,NEGAR,,,
P004308,0.0328402940,9,APROVAR,0.0230000000,60,0.1000000000
P004309,0.2151797673,3,NEGAR,,,
P004310,0.0475284330,8,APROVAR,0.0240000000,60,0.1500000000
P004311,0.0683076151,6,APROVAR,0.0260000000,48,0.2000000000
P004312,0.0548691412,7,APROVAR,0.0250000000,60,0.1500000000
P004313,0.0424623515,8,APROVAR,0.0240000000,60,0.1500000000
P004314,0.2739134641,2,NEGAR,,,
P004315,0.0990283345,5,NEGAR,,,
P004316,0.1194610285,4,NEGAR,,,
P004317,0.0389244664,8,APROVAR,0.0240000000,60,0.1500000000
P004318,0.0531857463,7,APROVAR,0.0250000000,60,0.1500000000
P004319,0.2469909193,2,NEGAR,,,
P004320,0.2820735360,2,NEGAR,,,
P004321,0.1482198023,4,NEGAR,,,
P004322,0.1725083932,3,NEGAR,,,
P004323,0.1358508494,4,NEGAR,,,
P004324,0.3569108182,1,NEGAR,,,
P004325,0.0636414234,6,APROVAR,0.0260000000,48,0.2000000000
P004326,0.0253551445,9,APROVAR,0.0230000000,60,0.1000000000
P004327,0.0443945591,8,APROVAR,0.0240000000,60,0.1500000000
P004328,0.0971616687,5,NEGAR,,,
P004329,0.0559409583,7,APROVAR,0.0250000000,60,0.1500000000
P004330,0.4516880306,1,NEGAR,,,
P004331,0.0278566319,9,APROVAR,0.0230000000,60,0.1000000000
P004332,0.0336107123,9,APROVAR,0.0230000000,60,0.1000000000
P004333,0.1325650487,4,NEGAR,,,
P004334,0.2239075732,2,NEGAR,,,
P004335,0.0189093320,10,APROVAR,0.0225000000,60,0.1000000000
P004336,0.0512758961,7,APROVAR,0.0250000000,60,0.1500000000
P004337,0.0740863692,6,APROVAR,0.0260000000,48,0.2000000000
P004338,0.0548392084,7,APROVAR,0.0250000000,60,0.1500000000
P004339,0.0897414329,5,NEGAR,,,
P004340,0.3428066405,2,NEGAR,,,
P004341,0.0905656140,5,NEGAR,,,
P004342,0.1110454939,4,NEGAR,,,
P004343,0.0947395610,5,NEGAR,,,
P004344,0.0955048719,5,NEGAR,,,
P004345,0.1085293923,4,NEGAR,,,
P004346,0.3031796897,2,NEGAR,,,
P004347,0.0380131650,8,APROVAR,0.0240000000,60,0.1500000000
P004348,0.0592341186,7,APROVAR,0.0250000000,60,0.1500000000
P004349,0.1902582136,3,NEGAR,,,
P004350,0.1143142263,4,NEGAR,,,
P004351,0.0924391407,5,NEGAR,,,
P004352,0.4177868314,1,NEGAR,,,
P004353,0.3825774981,1,NEGAR,,,
P004354,0.0616917941,6,APROVAR,0.0260000000,48,0.2000000000
P004355,0.0179387221,10,APROVAR,0.0225000000,60,0.1000000000
P004356,0.3157287158,2,NEGAR,,,
P004357,0.0981661294,5,NEGAR,,,
P004358,0.5127001009,1,NEGAR,,,
P004359,0.1059235449,4,NEGAR,,,
P004360,0.3445279312,2,NEGAR,,,
P004361,0.1103775007,4,NEGAR,,,
P004362,0.0910381525,5,NEGAR,,,
P004363,0.1980014424,3,NEGAR,,,
P004364,0.0780818113,5,NEGAR,,,
P004365,0.2146522798,3,NEGAR,,,
P004366,0.3090869471,2,NEGAR,,,
P004367,0.0236672893,9,APROVAR,0.0230000000,60,0.1000000000
P004368,0.2369003303,2,NEGAR,,,
P004369,0.0398601732,8,APROVAR,0.0240000000,60,0.1500000000
P004370,0.1986688739,3,NEGAR,,,
P004371,0.0281255219,9,APROVAR,0.0230000000,60,0.1000000000
P004372,0.0272943958,9,APROVAR,0.0230000000,60,0.1000000000
P004373,0.1186537866,4,NEGAR,,,
P004374,0.0688815068,6,APROVAR,0.0260000000,48,0.2000000000
P004375,0.0812264095,5,NEGAR,,,
P004376,0.0235191478,9,APROVAR,0.0230000000,60,0.1000000000
P004377,0.1066772655,4,NEGAR,,,
P004378,0.4582977556,1,NEGAR,,,
P004379,0.1151591763,4,NEGAR,,,
P004380,0.0664271050,6,APROVAR,0.0260000000,48,0.2000000000
P004381,0.0699401423,6,APROVAR,0.0260000000,48,0.2000000000
P004382,0.0690886973,6,APROVAR,0.0260000000,48,0.2000000000
P004383,0.0266875199,9,APROVAR,0.0230000000,60,0.1000000000
P004384,0.0324602000,9,APROVAR,0.0230000000,60,0.1000000000
P004385,0.0560768447,7,APROVAR,0.0250000000,60,0.1500000000
P004386,0.1945977293,3,NEGAR,,,
P004387,0.0579898610,7,APROVAR,0.0250000000,60,0.1500000000
P004388,0.0531002312,7,APROVAR,0.0250000000,60,0.1500000000
P004389,0.0556564123,7,APROVAR,0.0250000000,60,0.1500000000
P004390,0.3170569956,2,NEGAR,,,
P004391,0.1084261140,4,NEGAR,,,
P004392,0.2450091831,2,NEGAR,,,
P004393,0.1103794123,4,NEGAR,,,
P004394,0.3696035445,1,NEGAR,,,
P004395,0.0335855625,9,APROVAR,0.0230000000,60,0.1000000000
P004396,0.2068470620,3,NEGAR,,,
P004397,0.1217044882,4,NEGAR,,,
P004398,0.2813748026,2,NEGAR,,,
P004399,0.0748676800,6,APROVAR,0.0260000000,48,0.2000000000
P004400,0.0649186933,6,APROVAR,0.0260000000,48,0.2000000000
P004401,0.0505699671,7,APROVAR,0.0250000000,60,0.1500000000
P004402,0.0851069521,5,NEGAR,,,
P004403,0.0702510110,6,APROVAR,0.0260000000,48,0.2000000000
P004404,0.3188083411,2,NEGAR,,,
P004405,0.1525578342,3,NEGAR,,,
P004406,0.1088543072,4,NEGAR,,,
P004407,0.0241791874,9,APROVAR,0.0230000000,60,0.1000000000
P004408,0.0414727214,8,APROVAR,0.0240000000,60,0.1500000000
P004409,0.0230352810,9,APROVAR,0.0230000000,60,0.1000000000
P004410,0.0278677905,9,APROVAR,0.0230000000,60,0.1000000000
P004411,0.1838557191,3,NEGAR,,,
P004412,0.0488458766,8,APROVAR,0.0240000000,60,0.1500000000
P004413,0.0760691322,5,NEGAR,,,
P004414,0.0349452454,9,APROVAR,0.0230000000,60,0.1000000000
P004415,0.1542741398,3,NEGAR,,,
P004416,0.0597525583,7,APROVAR,0.0250000000,60,0.1500000000
P004417,0.0899362707,5,NEGAR,,,
P004418,0.0294795594,9,APROVAR,0.0230000000,60,0.1000000000
P004419,0.2544623262,2,NEGAR,,,
P004420,0.0319801222,9,APROVAR,0.0230000000,60,0.1000000000
P004421,0.0477926246,8,APROVAR,0.0240000000,60,0.1500000000
P004422,0.1652460096,3,NEGAR,,,
P004423,0.0398616756,8,APROVAR,0.0240000000,60,0.1500000000
P004424,0.0505255102,7,APROVAR,0.0250000000,60,0.1500000000
P004425,0.0338941223,9,APROVAR,0.0230000000,60,0.1000000000
P004426,0.0325768457,9,APROVAR,0.0230000000,60,0.1000000000
P004427,0.1181821959,4,NEGAR,,,
P004428,0.0793598201,5,NEGAR,,,
P004429,0.0337366324,9,APROVAR,0.0230000000,60,0.1000000000
P004430,0.2199862202,3,NEGAR,,,
P004431,0.4505145152,1,NEGAR,,,
P004432,0.0265982931,9,APROVAR,0.0230000000,60,0.1000000000
P004433,0.0421244718,8,APROVAR,0.0240000000,60,0.1500000000
P004434,0.0347655172,9,APROVAR,0.0230000000,60,0.1000000000
P004435,0.0449649250,8,APROVAR,0.0240000000,60,0.1500000000
P004436,0.0317297401,9,APROVAR,0.0230000000,60,0.1000000000
P004437,0.4753871171,1,NEGAR,,,
P004438,0.1853800795,3,NEGAR,,,
P004439,0.2180819067,3,NEGAR,,,
P004440,0.0207690142,9,APROVAR,0.0230000000,60,0.1000000000
P004441,0.0479607490,8,APROVAR,0.0240000000,60,0.1500000000
P004442,0.0361061642,8,APROVAR,0.0240000000,60,0.1500000000
P004443,0.4552235601,1,NEGAR,,,
P004444,0.3629852244,1,NEGAR,,,
P004445,0.4310514354,1,NEGAR,,,
P004446,0.2859316726,2,NEGAR,,,
P004447,0.0336567864,9,APROVAR,0.0230000000,60,0.1000000000
P004448,0.4335443419,1,NEGAR,,,
P004449,0.1277554757,4,NEGAR,,,
P004450,0.2236645456,2,NEGAR,,,
P004451,0.1030786715,4,NEGAR,,,
P004452,0.3014830231,2,NEGAR,,,
P004453,0.0413845039,8,APROVAR,0.0240000000,60,0.1500000000
P004454,0.1416296656,4,NEGAR,,,
P004455,0.1551275801,3,NEGAR,,,
P004456,0.2694355191,2,NEGAR,,,
P004457,0.1131681481,4,NEGAR,,,
P004458,0.0371740933,8,APROVAR,0.0240000000,60,0.1500000000
P004459,0.0363091469,8,APROVAR,0.0240000000,60,0.1500000000
P004460,0.0411836402,8,APROVAR,0.0240000000,60,0.1500000000
P004461,0.2211098356,2,NEGAR,,,
P004462,0.0537758771,7,APROVAR,0.0250000000,60,0.1500000000
P004463,0.4065858773,1,NEGAR,,,
P004464,0.0434470036,8,APROVAR,0.0240000000,60,0.1500000000
P004465,0.0636142757,6,APROVAR,0.0260000000,48,0.2000000000
P004466,0.0309535694,9,APROVAR,0.0230000000,60,0.1000000000
P004467,0.2677106591,2,NEGAR,,,
P004468,0.2335026143,2,NEGAR,,,
P004469,0.0513724874,7,APROVAR,0.0250000000,60,0.1500000000
P004470,0.0202604956,9,APROVAR,0.0230000000,60,0.1000000000
P004471,0.3839767136,1,NEGAR,,,
P004472,0.0516351997,7,APROVAR,0.0250000000,60,0.1500000000
P004473,0.0564575993,7,APROVAR,0.0250000000,60,0.1500000000
P004474,0.0281165374,9,APROVAR,0.0230000000,60,0.1000000000
P004475,0.0316401676,9,APROVAR,0.0230000000,60,0.1000000000
P004476,0.0595366432,7,APROVAR,0.0250000000,60,0.1500000000
P004477,0.0480814657,8,APROVAR,0.0240000000,60,0.1500000000
P004478,0.1051220299,4,NEGAR,,,
P004479,0.4870800146,1,NEGAR,,,
P004480,0.0484689376,8,APROVAR,0.0240000000,60,0.1500000000
P004481,0.0595756757,7,APROVAR,0.0250000000,60,0.1500000000
P004482,0.0408297267,8,APROVAR,0.0240000000,60,0.1500000000
P004483,0.1165582579,4,NEGAR,,,
P004484,0.0623638378,6,APROVAR,0.0260000000,48,0.2000000000
P004485,0.0306778491,9,APROVAR,0.0230000000,60,0.1000000000
P004486,0.1949162648,3,NEGAR,,,
P004487,0.0474294965,8,APROVAR,0.0240000000,60,0.1500000000
P004488,0.0607078553,6,APROVAR,0.0260000000,48,0.2000000000
P004489,0.0201644929,9,APROVAR,0.0230000000,60,0.1000000000
P004490,0.3026246923,2,NEGAR,,,
P004491,0.0458787185,8,APROVAR,0.0240000000,60,0.1500000000
P004492,0.1559097128,3,NEGAR,,,
P004493,0.0820367118,5,NEGAR,,,
P004494,0.0619177901,6,APROVAR,0.0260000000,48,0.2000000000
P004495,0.0299703294,9,APROVAR,0.0230000000,60,0.1000000000
P004496,0.0826224655,5,NEGAR,,,
P004497,0.1330626765,4,NEGAR,,,
P004498,0.0492988806,8,APROVAR,0.0240000000,60,0.1500000000
P004499,0.1723903980,3,NEGAR,,,
P004500,0.0270500929,9,APROVAR,0.0230000000,60,0.1000000000
P004501,0.1501697779,3,NEGAR,,,
P004502,0.3326273788,2,NEGAR,,,
P004503,0.2287772460,2,NEGAR,,,
P004504,0.5267919097,1,NEGAR,,,
P004505,0.2800927896,2,NEGAR,,,
P004506,0.0554893456,7,APROVAR,0.0250000000,60,0.1500000000
P004507,0.1134301679,4,NEGAR,,,
P004508,0.0589534913,7,APROVAR,0.0250000000,60,0.1500000000
P004509,0.0454347233,8,APROVAR,0.0240000000,60,0.1500000000
P004510,0.2835488183,2,NEGAR,,,
P004511,0.1791048181,3,NEGAR,,,
P004512,0.0298385088,9,APROVAR,0.0230000000,60,0.1000000000
P004513,0.4630507763,1,NEGAR,,,
P004514,0.0401580377,8,APROVAR,0.0240000000,60,0.1500000000
P004515,0.0489420589,8,APROVAR,0.0240000000,60,0.1500000000
P004516,0.0311159977,9,APROVAR,0.0230000000,60,0.1000000000
P004517,0.0391460137,8,APROVAR,0.0240000000,60,0.1500000000
P004518,0.0325341202,9,APROVAR,0.0230000000,60,0.1000000000
P004519,0.1912155585,3,NEGAR,,,
P004520,0.0583454621,7,APROVAR,0.0250000000,60,0.1500000000
P004521,0.2698905529,2,NEGAR,,,
P004522,0.1559225063,3,NEGAR,,,
P004523,0.2164137385,3,NEGAR,,,
P004524,0.2745286950,2,NEGAR,,,
P004525,0.1179453560,4,NEGAR,,,
P004526,0.0605150142,6,APROVAR,0.0260000000,48,0.2000000000
P004527,0.0345863567,9,APROVAR,0.0230000000,60,0.1000000000
P004528,0.0336976303,9,APROVAR,0.0230000000,60,0.1000000000
P004529,0.3305685425,2,NEGAR,,,
P004530,0.4203126308,1,NEGAR,,,
P004531,0.2048565563,3,NEGAR,,,
P004532,0.2477714793,2,NEGAR,,,
P004533,0.4840501845,1,NEGAR,,,
P004534,0.0502305383,7,APROVAR,0.0250000000,60,0.1500000000
P004535,0.0353534530,8,APROVAR,0.0240000000,60,0.1500000000
P004536,0.0216938126,9,APROVAR,0.0230000000,60,0.1000000000
P004537,0.2236764348,2,NEGAR,,,
P004538,0.0803533291,5,NEGAR,,,
P004539,0.3131547135,2,NEGAR,,,
P004540,0.3927691590,1,NEGAR,,,
P004541,0.0362095038,8,APROVAR,0.0240000000,60,0.1500000000
P004542,0.0330751798,9,APROVAR,0.0230000000,60,0.1000000000
P004543,0.4963060623,1,NEGAR,,,
P004544,0.3032746212,2,NEGAR,,,
P004545,0.0636457348,6,APROVAR,0.0260000000,48,0.2000000000
P004546,0.0891420854,5,NEGAR,,,
P004547,0.0396913731,8,APROVAR,0.0240000000,60,0.1500000000
P004548,0.1438568618,4,NEGAR,,,
P004549,0.0320053089,9,APROVAR,0.0230000000,60,0.1000000000
P004550,0.3607698266,1,NEGAR,,,
P004551,0.0677887823,6,APROVAR,0.0260000000,48,0.2000000000
P004552,0.0244965232,9,APROVAR,0.0230000000,60,0.1000000000
P004553,0.0370055355,8,APROVAR,0.0240000000,60,0.1500000000
P004554,0.1358824340,4,NEGAR,,,
P004555,0.4534648477,1,NEGAR,,,
P004556,0.1066028568,4,NEGAR,,,
P004557,0.1517585688,3,NEGAR,,,
P004558,0.1754961298,3,NEGAR,,,
P004559,0.1883746169,3,NEGAR,,,
P004560,0.0409553140,8,APROVAR,0.0240000000,60,0.1500000000
P004561,0.0449324715,8,APROVAR,0.0240000000,60,0.1500000000
P004562,0.0337864013,9,APROVAR,0.0230000000,60,0.1000000000
P004563,0.2405531742,2,NEGAR,,,
P004564,0.0421140125,8,APROVAR,0.0240000000,60,0.1500000000
P004565,0.0446348418,8,APROVAR,0.0240000000,60,0.1500000000
P004566,0.3307591498,2,NEGAR,,,
P004567,0.0322421845,9,APROVAR,0.0230000000,60,0.1000000000
P004568,0.0459416753,8,APROVAR,0.0240000000,60,0.1500000000
P004569,0.2545180634,2,NEGAR,,,
P004570,0.0303974900,9,APROVAR,0.0230000000,60,0.1000000000
P004571,0.0288085214,9,APROVAR,0.0230000000,60,0.1000000000
P004572,0.1647503044,3,NEGAR,,,
P004573,0.1113728893,4,NEGAR,,,
P004574,0.0420533593,8,APROVAR,0.0240000000,60,0.1500000000
P004575,0.0714649662,6,APROVAR,0.0260000000,48,0.2000000000
P004576,0.3680441476,1,NEGAR,,,
P004577,0.0263746012,9,APROVAR,0.0230000000,60,0.1000000000
P004578,0.0561390013,7,APROVAR,0.0250000000,60,0.1500000000
P004579,0.2810168936,2,NEGAR,,,
P004580,0.0345748466,9,APROVAR,0.0230000000,60,0.1000000000
P004581,0.3591682415,1,NEGAR,,,
P004582,0.0744678985,6,APROVAR,0.0260000000,48,0.2000000000
P004583,0.2970877912,2,NEGAR,,,
P004584,0.3077315092,2,NEGAR,,,
P004585,0.3129486150,2,NEGAR,,,
P004586,0.2524252095,2,NEGAR,,,
P004587,0.0993180389,5,NEGAR,,,
P004588,0.2715766484,2,NEGAR,,,
P004589,0.2986568737,2,NEGAR,,,
P004590,0.0519193700,7,APROVAR,0.0250000000,60,0.1500000000
P004591,0.2295204460,2,NEGAR,,,
P004592,0.0855808867,5,NEGAR,,,
P004593,0.0313524869,9,APROVAR,0.0230000000,60,0.1000000000
P004594,0.2961068544,2,NEGAR,,,
P004595,0.0994512631,5,NEGAR,,,
P004596,0.1341776978,4,NEGAR,,,
P004597,0.0319749540,9,APROVAR,0.0230000000,60,0.1000000000
P004598,0.2498136544,2,NEGAR,,,
P004599,0.1976072154,3,NEGAR,,,
P004600,0.1602372761,3,NEGAR,,,
P004601,0.0495771987,8,APROVAR,0.0240000000,60,0.1500000000
P004602,0.0622427978,6,APROVAR,0.0260000000,48,0.2000000000
P004603,0.2206534553,2,NEGAR,,,
P004604,0.0443679467,8,APROVAR,0.0240000000,60,0.1500000000
P004605,0.0475854243,8,APROVAR,0.0240000000,60,0.1500000000
P004606,0.1433069405,4,NEGAR,,,
P004607,0.0693376695,6,APROVAR,0.0260000000,48,0.2000000000
P004608,0.2523073175,2,NEGAR,,,
P004609,0.0661674101,6,APROVAR,0.0260000000,48,0.2000000000
P004610,0.1041550870,4,NEGAR,,,
P004611,0.0381764682,8,APROVAR,0.0240000000,60,0.1500000000
P004612,0.0424965535,8,APROVAR,0.0240000000,60,0.1500000000
P004613,0.2471126039,2,NEGAR,,,
P004614,0.0432645757,8,APROVAR,0.0240000000,60,0.1500000000
P004615,0.0289697778,9,APROVAR,0.0230000000,60,0.1000000000
P004616,0.1266302364,4,NEGAR,,,
P004617,0.0149944680,10,APROVAR,0.0225000000,60,0.1000000000
P004618,0.2516048894,2,NEGAR,,,
P004619,0.1934776326,3,NEGAR,,,
P004620,0.3280855317,2,NEGAR,,,
P004621,0.1168004301,4,NEGAR,,,
P004622,0.1727092517,3,NEGAR,,,
P004623,0.0417595749,8,APROVAR,0.0240000000,60,0.1500000000
P004624,0.0348666705,9,APROVAR,0.0230000000,60,0.1000000000
P004625,0.0470921841,8,APROVAR,0.0240000000,60,0.1500000000
P004626,0.1816654464,3,NEGAR,,,
P004627,0.0303663010,9,APROVAR,0.0230000000,60,0.1000000000
P004628,0.0757034581,5,NEGAR,,,
P004629,0.0268686776,9,APROVAR,0.0230000000,60,0.1000000000
P004630,0.4797223874,1,NEGAR,,,
P004631,0.0480324140,8,APROVAR,0.0240000000,60,0.1500000000
P004632,0.0491208682,8,APROVAR,0.0240000000,60,0.1500000000
P004633,0.2099724614,3,NEGAR,,,
P004634,0.0291525674,9,APROVAR,0.0230000000,60,0.1000000000
P004635,0.0494374462,8,APROVAR,0.0240000000,60,0.1500000000
P004636,0.1822668907,3,NEGAR,,,
P004637,0.2056010850,3,NEGAR,,,
P004638,0.0501155781,7,APROVAR,0.0250000000,60,0.1500000000
P004639,0.0589823797,7,APROVAR,0.0250000000,60,0.1500000000
P004640,0.0264169717,9,APROVAR,0.0230000000,60,0.1000000000
P004641,0.0456803415,8,APROVAR,0.0240000000,60,0.1500000000
P004642,0.1741771759,3,NEGAR,,,
P004643,0.1319015925,4,NEGAR,,,
P004644,0.2354340041,2,NEGAR,,,
P004645,0.0868321490,5,NEGAR,,,
P004646,0.0565329446,7,APROVAR,0.0250000000,60,0.1500000000
P004647,0.0458098742,8,APROVAR,0.0240000000,60,0.1500000000
P004648,0.1480778935,4,NEGAR,,,
P004649,0.1444379041,4,NEGAR,,,
P004650,0.0277719630,9,APROVAR,0.0230000000,60,0.1000000000
P004651,0.0302804030,9,APROVAR,0.0230000000,60,0.1000000000
P004652,0.0739658372,6,APROVAR,0.0260000000,48,0.2000000000
P004653,0.2485072215,2,NEGAR,,,
P004654,0.3214115231,2,NEGAR,,,
P004655,0.1648091447,3,NEGAR,,,
P004656,0.2382620749,2,NEGAR,,,
P004657,0.0738212500,6,APROVAR,0.0260000000,48,0.2000000000
P004658,0.1328985703,4,NEGAR,,,
P004659,0.4062308855,1,NEGAR,,,
P004660,0.0338923510,9,APROVAR,0.0230000000,60,0.1000000000
P004661,0.1023487891,4,NEGAR,,,
P004662,0.2041154362,3,NEGAR,,,
P004663,0.0367994621,8,APROVAR,0.0240000000,60,0.1500000000
P004664,0.0440057462,8,APROVAR,0.0240000000,60,0.1500000000
P004665,0.1398044777,4,NEGAR,,,
P004666,0.0407053945,8,APROVAR,0.0240000000,60,0.1500000000
P004667,0.2980431405,2,NEGAR,,,
P004668,0.0398363411,8,APROVAR,0.0240000000,60,0.1500000000
P004669,0.0431521390,8,APROVAR,0.0240000000,60,0.1500000000
P004670,0.0511853254,7,APROVAR,0.0250000000,60,0.1500000000
P004671,0.0257976184,9,APROVAR,0.0230000000,60,0.1000000000
P004672,0.0642444779,6,APROVAR,0.0260000000,48,0.2000000000
P004673,0.3122715746,2,NEGAR,,,
P004674,0.1508459237,3,NEGAR,,,
P004675,0.1174165483,4,NEGAR,,,
P004676,0.3892065588,1,NEGAR,,,
P004677,0.0399708582,8,APROVAR,0.0240000000,60,0.1500000000
P004678,0.2344035631,2,NEGAR,,,
P004679,0.1425149067,4,NEGAR,,,
P004680,0.1292143768,4,NEGAR,,,
P004681,0.2581610338,2,NEGAR,,,
P004682,0.3344871924,2,NEGAR,,,
P004683,0.0587229928,7,APROVAR,0.0250000000,60,0.1500000000
P004684,0.2955816103,2,NEGAR,,,
P004685,0.0248784159,9,APROVAR,0.0230000000,60,0.1000000000
P004686,0.0596185982,7,APROVAR,0.0250000000,60,0.1500000000
P004687,0.4106576060,1,NEGAR,,,
P004688,0.1229975623,4,NEGAR,,,
P004689,0.1107652424,4,NEGAR,,,
P004690,0.1076249336,4,NEGAR,,,
P004691,0.2497856489,2,NEGAR,,,
P004692,0.0253908024,9,APROVAR,0.0230000000,60,0.1000000000
P004693,0.0329445318,9,APROVAR,0.0230000000,60,0.1000000000
P004694,0.3467109030,2,NEGAR,,,
P004695,0.0489198252,8,APROVAR,0.0240000000,60,0.1500000000
P004696,0.0412275082,8,APROVAR,0.0240000000,60,0.1500000000
P004697,0.0950731089,5,NEGAR,,,
P004698,0.0553539689,7,APROVAR,0.0250000000,60,0.1500000000
P004699,0.0244096675,9,APROVAR,0.0230000000,60,0.1000000000
P004700,0.1894234594,3,NEGAR,,,
P004701,0.1006251831,4,NEGAR,,,
P004702,0.2083185416,3,NEGAR,,,
P004703,0.1677776019,3,NEGAR,,,
P004704,0.0358279614,8,APROVAR,0.0240000000,60,0.1500000000
P004705,0.1418861037,4,NEGAR,,,
P004706,0.0351383505,8,APROVAR,0.0240000000,60,0.1500000000
P004707,0.1204085242,4,NEGAR,,,
P004708,0.0352711622,8,APROVAR,0.0240000000,60,0.1500000000
P004709,0.3113938458,2,NEGAR,,,
P004710,0.3836612402,1,NEGAR,,,
P004711,0.0267216480,9,APROVAR,0.0230000000,60,0.1000000000
P004712,0.0453865067,8,APROVAR,0.0240000000,60,0.1500000000
P004713,0.1845872356,3,NEGAR,,,
P004714,0.0521556768,7,APROVAR,0.0250000000,60,0.1500000000
P004715,0.1851681747,3,NEGAR,,,
P004716,0.0203412077,9,APROVAR,0.0230000000,60,0.1000000000
P004717,0.1099081060,4,NEGAR,,,
P004718,0.0716095312,6,APROVAR,0.0260000000,48,0.2000000000
P004719,0.2912181247,2,NEGAR,,,
P004720,0.3230565776,2,NEGAR,,,
P004721,0.0259468987,9,APROVAR,0.0230000000,60,0.1000000000
P004722,0.2548493772,2,NEGAR,,,
P004723,0.0502171855,7,APROVAR,0.0250000000,60,0.1500000000
P004724,0.0363906542,8,APROVAR,0.0240000000,60,0.1500000000
P004725,0.0804096305,5,NEGAR,,,
P004726,0.2008594001,3,NEGAR,,,
P004727,0.2264067837,2,NEGAR,,,
P004728,0.0958423820,5,NEGAR,,,
P004729,0.0688140969,6,APROVAR,0.0260000000,48,0.2000000000
P004730,0.1354545619,4,NEGAR,,,
P004731,0.0525561329,7,APROVAR,0.0250000000,60,0.1500000000
P004732,0.1398651965,4,NEGAR,,,
P004733,0.0248572780,9,APROVAR,0.0230000000,60,0.1000000000
P004734,0.2235098098,2,NEGAR,,,
P004735,0.0352806461,8,APROVAR,0.0240000000,60,0.1500000000
P004736,0.0943632179,5,NEGAR,,,
P004737,0.2740750451,2,NEGAR,,,
P004738,0.2440484754,2,NEGAR,,,
P004739,0.3994185732,1,NEGAR,,,
P004740,0.0294295564,9,APROVAR,0.0230000000,60,0.1000000000
P004741,0.0454146801,8,APROVAR,0.0240000000,60,0.1500000000
P004742,0.0784504302,5,NEGAR,,,
P004743,0.0313036499,9,APROVAR,0.0230000000,60,0.1000000000
P004744,0.2739700680,2,NEGAR,,,
P004745,0.0343241251,9,APROVAR,0.0230000000,60,0.1000000000
P004746,0.0406242578,8,APROVAR,0.0240000000,60,0.1500000000
P004747,0.0703099120,6,APROVAR,0.0260000000,48,0.2000000000
P004748,0.1288238164,4,NEGAR,,,
P004749,0.0595721792,7,APROVAR,0.0250000000,60,0.1500000000
P004750,0.1106909765,4,NEGAR,,,
P004751,0.0309852034,9,APROVAR,0.0230000000,60,0.1000000000
P004752,0.1076350752,4,NEGAR,,,
P004753,0.0332911989,9,APROVAR,0.0230000000,60,0.1000000000
P004754,0.2992683657,2,NEGAR,,,
P004755,0.0507668569,7,APROVAR,0.0250000000,60,0.1500000000
P004756,0.2073718467,3,NEGAR,,,
P004757,0.1260366518,4,NEGAR,,,
P004758,0.1376754091,4,NEGAR,,,
P004759,0.0932849749,5,NEGAR,,,
P004760,0.0709965226,6,APROVAR,0.0260000000,48,0.2000000000
P004761,0.0243424097,9,APROVAR,0.0230000000,60,0.1000000000
P004762,0.0800856484,5,NEGAR,,,
P004763,0.0359787664,8,APROVAR,0.0240000000,60,0.1500000000
P004764,0.0899114880,5,NEGAR,,,
P004765,0.0605682733,6,APROVAR,0.0260000000,48,0.2000000000
P004766,0.0375170534,8,APROVAR,0.0240000000,60,0.1500000000
P004767,0.2166175117,3,NEGAR,,,
P004768,0.3057727415,2,NEGAR,,,
P004769,0.2479878127,2,NEGAR,,,
P004770,0.0639938172,6,APROVAR,0.0260000000,48,0.2000000000
P004771,0.0605647706,6,APROVAR,0.0260000000,48,0.2000000000
P004772,0.1942923900,3,NEGAR,,,
P004773,0.0359743417,8,APROVAR,0.0240000000,60,0.1500000000
P004774,0.1267650813,4,NEGAR,,,
P004775,0.3622315911,1,NEGAR,,,
P004776,0.0388100382,8,APROVAR,0.0240000000,60,0.1500000000
P004777,0.1940754545,3,NEGAR,,,
P004778,0.0528508485,7,APROVAR,0.0250000000,60,0.1500000000
P004779,0.1605292582,3,NEGAR,,,
P004780,0.1512740198,3,NEGAR,,,
P004781,0.1195604913,4,NEGAR,,,
P004782,0.0934350598,5,NEGAR,,,
P004783,0.1368032069,4,NEGAR,,,
P004784,0.1081026767,4,NEGAR,,,
P004785,0.0337159037,9,APROVAR,0.0230000000,60,0.1000000000
P004786,0.3138425809,2,NEGAR,,,
P004787,0.3097727469,2,NEGAR,,,
P004788,0.1463222791,4,NEGAR,,,
P004789,0.0532293322,7,APROVAR,0.0250000000,60,0.1500000000
P004790,0.1419255652,4,NEGAR,,,
P004791,0.0526336660,7,APROVAR,0.0250000000,60,0.1500000000
P004792,0.0395248508,8,APROVAR,0.0240000000,60,0.1500000000
P004793,0.0518239837,7,APROVAR,0.0250000000,60,0.1500000000
P004794,0.1267152007,4,NEGAR,,,
P004795,0.0502106969,7,APROVAR,0.0250000000,60,0.1500000000
P004796,0.0896023317,5,NEGAR,,,
P004797,0.0891366301,5,NEGAR,,,
P004798,0.2957642099,2,NEGAR,,,
P004799,0.0509919115,7,APROVAR,0.0250000000,60,0.1500000000
P004800,0.2973952666,2,NEGAR,,,
P004801,0.0480673061,8,APROVAR,0.0240000000,60,0.1500000000
P004802,0.3149399509,2,NEGAR,,,
P004803,0.0766802346,5,NEGAR,,,
P004804,0.3005853853,2,NEGAR,,,
P004805,0.0231146741,9,APROVAR,0.0230000000,60,0.1000000000
P004806,0.0243865160,9,APROVAR,0.0230000000,60,0.1000000000
P004807,0.1650382526,3,NEGAR,,,
P004808,0.0302189365,9,APROVAR,0.0230000000,60,0.1000000000
P004809,0.1278883453,4,NEGAR,,,
P004810,0.0308248144,9,APROVAR,0.0230000000,60,0.1000000000
P004811,0.0570573265,7,APROVAR,0.0250000000,60,0.1500000000
P004812,0.0253460882,9,APROVAR,0.0230000000,60,0.1000000000
P004813,0.1184383355,4,NEGAR,,,
P004814,0.3289163487,2,NEGAR,,,
P004815,0.2311401727,2,NEGAR,,,
P004816,0.0757921585,5,NEGAR,,,
P004817,0.1031026865,4,NEGAR,,,
P004818,0.2077728747,3,NEGAR,,,
P004819,0.0451090144,8,APROVAR,0.0240000000,60,0.1500000000
P004820,0.0940872852,5,NEGAR,,,
P004821,0.2165327284,3,NEGAR,,,
P004822,0.0866767513,5,NEGAR,,,
P004823,0.2427777715,2,NEGAR,,,
P004824,0.0578532423,7,APROVAR,0.0250000000,60,0.1500000000
P004825,0.0992193691,5,NEGAR,,,
P004826,0.0936588691,5,NEGAR,,,
P004827,0.1254978235,4,NEGAR,,,
P004828,0.4874705015,1,NEGAR,,,
P004829,0.1753901487,3,NEGAR,,,
P004830,0.2595505677,2,NEGAR,,,
P004831,0.0436647605,8,APROVAR,0.0240000000,60,0.1500000000
P004832,0.0632686973,6,APROVAR,0.0260000000,48,0.2000000000
P004833,0.0468865098,8,APROVAR,0.0240000000,60,0.1500000000
P004834,0.0456179176,8,APROVAR,0.0240000000,60,0.1500000000
P004835,0.1722816146,3,NEGAR,,,
P004836,0.0651224514,6,APROVAR,0.0260000000,48,0.2000000000
P004837,0.0328612235,9,APROVAR,0.0230000000,60,0.1000000000
P004838,0.0727798324,6,APROVAR,0.0260000000,48,0.2000000000
P004839,0.0514818876,7,APROVAR,0.0250000000,60,0.1500000000
P004840,0.1994491098,3,NEGAR,,,
P004841,0.0266139418,9,APROVAR,0.0230000000,60,0.1000000000
P004842,0.0323402529,9,APROVAR,0.0230000000,60,0.1000000000
P004843,0.0260771528,9,APROVAR,0.0230000000,60,0.1000000000
P004844,0.0344793467,9,APROVAR,0.0230000000,60,0.1000000000
P004845,0.1609414559,3,NEGAR,,,
P004846,0.4473469521,1,NEGAR,,,
P004847,0.0329594035,9,APROVAR,0.0230000000,60,0.1000000000
P004848,0.0333086484,9,APROVAR,0.0230000000,60,0.1000000000
P004849,0.0441035046,8,APROVAR,0.0240000000,60,0.1500000000
P004850,0.4806281680,1,NEGAR,,,
P004851,0.0792516853,5,NEGAR,,,
P004852,0.1137953229,4,NEGAR,,,
P004853,0.2992439961,2,NEGAR,,,
P004854,0.1878228772,3,NEGAR,,,
P004855,0.2652530306,2,NEGAR,,,
P004856,0.3270221710,2,NEGAR,,,
P004857,0.0225628567,9,APROVAR,0.0230000000,60,0.1000000000
P004858,0.0834481865,5,NEGAR,,,
P004859,0.0384937293,8,APROVAR,0.0240000000,60,0.1500000000
P004860,0.0954562600,5,NEGAR,,,
P004861,0.1499250862,4,NEGAR,,,
P004862,0.2644225095,2,NEGAR,,,
P004863,0.0727458601,6,APROVAR,0.0260000000,48,0.2000000000
P004864,0.3526275465,1,NEGAR,,,
P004865,0.3969920762,1,NEGAR,,,
P004866,0.3187146088,2,NEGAR,,,
P004867,0.0323314904,9,APROVAR,0.0230000000,60,0.1000000000
P004868,0.1865434329,3,NEGAR,,,
P004869,0.1832052760,3,NEGAR,,,
P004870,0.1458645006,4,NEGAR,,,
P004871,0.1068957442,4,NEGAR,,,
P004872,0.2189153569,3,NEGAR,,,
P004873,0.0343811791,9,APROVAR,0.0230000000,60,0.1000000000
P004874,0.0300226813,9,APROVAR,0.0230000000,60,0.1000000000
P004875,0.2166998653,3,NEGAR,,,
P004876,0.1615912123,3,NEGAR,,,
P004877,0.0662929511,6,APROVAR,0.0260000000,48,0.2000000000
P004878,0.2403502468,2,NEGAR,,,
P004879,0.1471989101,4,NEGAR,,,
P004880,0.1116494412,4,NEGAR,,,
P004881,0.3857816138,1,NEGAR,,,
P004882,0.2678963764,2,NEGAR,,,
P004883,0.4608998854,1,NEGAR,,,
P004884,0.0788478275,5,NEGAR,,,
P004885,0.0657304844,6,APROVAR,0.0260000000,48,0.2000000000
P004886,0.3415907441,2,NEGAR,,,
P004887,0.0406083696,8,APROVAR,0.0240000000,60,0.1500000000
P004888,0.3288298108,2,NEGAR,,,
P004889,0.2380640387,2,NEGAR,,,
P004890,0.0361295872,8,APROVAR,0.0240000000,60,0.1500000000
P004891,0.0346372034,9,APROVAR,0.0230000000,60,0.1000000000
P004892,0.0684629967,6,APROVAR,0.0260000000,48,0.2000000000
P004893,0.2093988070,3,NEGAR,,,
P004894,0.0445971357,8,APROVAR,0.0240000000,60,0.1500000000
P004895,0.0698418302,6,APROVAR,0.0260000000,48,0.2000000000
P004896,0.0762872505,5,NEGAR,,,
P004897,0.2552405454,2,NEGAR,,,
P004898,0.1090013774,4,NEGAR,,,
P004899,0.0757930981,5,NEGAR,,,
P004900,0.0239716965,9,APROVAR,0.0230000000,60,0.1000000000
P004901,0.2201021122,2,NEGAR,,,
P004902,0.0298032720,9,APROVAR,0.0230000000,60,0.1000000000
P004903,0.0425962347,8,APROVAR,0.0240000000,60,0.1500000000
P004904,0.1915315006,3,NEGAR,,,
P004905,0.4130379109,1,NEGAR,,,
P004906,0.0271561526,9,APROVAR,0.0230000000,60,0.1000000000
P004907,0.1196989354,4,NEGAR,,,
P004908,0.0427408836,8,APROVAR,0.0240000000,60,0.1500000000
P004909,0.0693932314,6,APROVAR,0.0260000000,48,0.2000000000
P004910,0.1079306736,4,NEGAR,,,
P004911,0.0467938192,8,APROVAR,0.0240000000,60,0.1500000000
P004912,0.0299234320,9,APROVAR,0.0230000000,60,0.1000000000
P004913,0.0330620505,9,APROVAR,0.0230000000,60,0.1000000000
P004914,0.0746780672,6,APROVAR,0.0260000000,48,0.2000000000
P004915,0.0313265984,9,APROVAR,0.0230000000,60,0.1000000000
P004916,0.2278303186,2,NEGAR,,,
P004917,0.0760046710,5,NEGAR,,,
P004918,0.3267671544,2,NEGAR,,,
P004919,0.3163167996,2,NEGAR,,,
P004920,0.0614637109,6,APROVAR,0.0260000000,48,0.2000000000
P004921,0.4547629295,1,NEGAR,,,
P004922,0.1293099975,4,NEGAR,,,
P004923,0.1577924206,3,NEGAR,,,
P004924,0.2682622011,2,NEGAR,,,
P004925,0.3956564237,1,NEGAR,,,
P004926,0.2123027185,3,NEGAR,,,
P004927,0.0356567260,8,APROVAR,0.0240000000,60,0.1500000000
P004928,0.1354656988,4,NEGAR,,,
P004929,0.0164993643,10,APROVAR,0.0225000000,60,0.1000000000
P004930,0.0919385184,5,NEGAR,,,
P004931,0.2922928328,2,NEGAR,,,
P004932,0.0872210567,5,NEGAR,,,
P004933,0.2732054871,2,NEGAR,,,
P004934,0.0236790359,9,APROVAR,0.0230000000,60,0.1000000000
P004935,0.1709820320,3,NEGAR,,,
P004936,0.1072912376,4,NEGAR,,,
P004937,0.3029307116,2,NEGAR,,,
P004938,0.1269710310,4,NEGAR,,,
P004939,0.0399077789,8,APROVAR,0.0240000000,60,0.1500000000
P004940,0.2418199480,2,NEGAR,,,
P004941,0.0186985930,10,APROVAR,0.0225000000,60,0.1000000000
P004942,0.0894620764,5,NEGAR,,,
P004943,0.0571349372,7,APROVAR,0.0250000000,60,0.1500000000
P004944,0.1916710304,3,NEGAR,,,
P004945,0.0606742973,6,APROVAR,0.0260000000,48,0.2000000000
P004946,0.1792689803,3,NEGAR,,,
P004947,0.0298540063,9,APROVAR,0.0230000000,60,0.1000000000
P004948,0.0823225987,5,NEGAR,,,
P004949,0.1118839971,4,NEGAR,,,
P004950,0.0899301747,5,NEGAR,,,
P004951,0.2991739364,2,NEGAR,,,
P004952,0.0559618253,7,APROVAR,0.0250000000,60,0.1500000000
P004953,0.1644056510,3,NEGAR,,,
P004954,0.0604071900,6,APROVAR,0.0260000000,48,0.2000000000
P004955,0.2106174166,3,NEGAR,,,
P004956,0.2982485618,2,NEGAR,,,
P004957,0.0465269754,8,APROVAR,0.0240000000,60,0.1500000000
P004958,0.0322112624,9,APROVAR,0.0230000000,60,0.1000000000
P004959,0.0533521858,7,APROVAR,0.0250000000,60,0.1500000000
P004960,0.2063844302,3,NEGAR,,,
P004961,0.0742263198,6,APROVAR,0.0260000000,48,0.2000000000
P004962,0.0850333232,5,NEGAR,,,
P004963,0.0672781580,6,APROVAR,0.0260000000,48,0.2000000000
P004964,0.0902280419,5,NEGAR,,,
P004965,0.0651172287,6,APROVAR,0.0260000000,48,0.2000000000
P004966,0.0362331674,8,APROVAR,0.0240000000,60,0.1500000000
P004967,0.0452947271,8,APROVAR,0.0240000000,60,0.1500000000
P004968,0.0286744393,9,APROVAR,0.0230000000,60,0.1000000000
P004969,0.2594851288,2,NEGAR,,,
P004970,0.0352274993,8,APROVAR,0.0240000000,60,0.1500000000
P004971,0.3163601441,2,NEGAR,,,
P004972,0.1671231436,3,NEGAR,,,
P004973,0.1000332764,4,NEGAR,,,
P004974,0.0362516790,8,APROVAR,0.0240000000,60,0.1500000000
P004975,0.1891974572,3,NEGAR,,,
P004976,0.0255801437,9,APROVAR,0.0230000000,60,0.1000000000
P004977,0.0624301871,6,APROVAR,0.0260000000,48,0.2000000000
P004978,0.0591079043,7,APROVAR,0.0250000000,60,0.1500000000
P004979,0.2799676740,2,NEGAR,,,
P004980,0.0292083024,9,APROVAR,0.0230000000,60,0.1000000000
P004981,0.0854527826,5,NEGAR,,,
P004982,0.3760099676,1,NEGAR,,,
P004983,0.0361870654,8,APROVAR,0.0240000000,60,0.1500000000
P004984,0.0202917168,9,APROVAR,0.0230000000,60,0.1000000000
P004985,0.0559822715,7,APROVAR,0.0250000000,60,0.1500000000
P004986,0.2136948996,3,NEGAR,,,
P004987,0.1340367499,4,NEGAR,,,
P004988,0.1733250169,3,NEGAR,,,
P004989,0.0527268425,7,APROVAR,0.0250000000,60,0.1500000000
P004990,0.1036899205,4,NEGAR,,,
P004991,0.1334224077,4,NEGAR,,,
P004992,0.2984810679,2,NEGAR,,,
P004993,0.3156303822,2,NEGAR,,,
P004994,0.1141757709,4,NEGAR,,,
P004995,0.0548428506,7,APROVAR,0.0250000000,60,0.1500000000
P004996,0.0749685247,6,APROVAR,0.0260000000,48,0.2000000000
P004997,0.1266754741,4,NEGAR,,,
P004998,0.0335402969,9,APROVAR,0.0230000000,60,0.1000000000
P004999,0.1394997455,4,NEGAR,,,
P005000,0.1823611467,3,NEGAR,,,
